{
  "n": 12,
  "m": 22,
  "edges": [
    [
      0,
      5
    ],
    [
      0,
      6
    ],
    [
      0,
      8
    ],
    [
      1,
      2
    ],
    [
      1,
      3
    ],
    [
      1,
      4
    ],
    [
      1,
      6
    ],
    [
      1,
      7
    ],
    [
      1,
      8
    ],
    [
      1,
      9
    ],
    [
      1,
      11
    ],
    [
      2,
      10
    ],
    [
      3,
      8
    ],
    [
      3,
      9
    ],
    [
      3,
      10
    ],
    [
      4,
      9
    ],
    [
      4,
      11
    ],
    [
      5,
      7
    ],
    [
      5,
      8
    ],
    [
      5,
      10
    ],
    [
      6,
      8
    ],
    [
      7,
      11
    ]
  ],
  "weights": {
    "0": 9.811451080654969,
    "1": 5.1066844866266345,
    "2": 7.469623306902128,
    "3": 7.613976183268056,
    "4": 2.9341150164735703,
    "5": 1.7023417220361166,
    "6": 6.424689126404255,
    "7": 2.0972755245041403,
    "8": 4.4400397103317815,
    "9": 9.007325396263395,
    "10": 8.849352628571054,
    "11": 2.068201440587568
  }
}