{
  "n": 12,
  "m": 15,
  "edges": [
    [
      0,
      1
    ],
    [
      0,
      9
    ],
    [
      0,
      11
    ],
    [
      1,
      7
    ],
    [
      1,
      8
    ],
    [
      1,
      9
    ],
    [
      2,
      4
    ],
    [
      2,
      9
    ],
    [
      2,
      11
    ],
    [
      3,
      4
    ],
    [
      3,
      8
    ],
    [
      3,
      11
    ],
    [
      4,
      8
    ],
    [
      5,
      9
    ],
    [
      7,
      11
    ]
  ],
  "weights": {
    "0": 2.311023295937173,
    "1": 5.0943430406261925,
    "2": 7.937054250931199,
    "3": 7.3496190424062515,
    "4": 7.587630757299301,
    "5": 4.901629914058634,
    "6": 8.20018411420085,
    "7": 5.7961127317831425,
    "8": 1.7213833826065175,
    "9": 5.103512930652104,
    "10": 1.4309876481394754,
    "11": 9.396661600675454
  }
}