{
  "n": 12,
  "m": 19,
  "edges": [
    [
      0,
      4
    ],
    [
      0,
      8
    ],
    [
      0,
      9
    ],
    [
      0,
      11
    ],
    [
      2,
      5
    ],
    [
      2,
      6
    ],
    [
      2,
      8
    ],
    [
      3,
      4
    ],
    [
      3,
      9
    ],
    [
      3,
      11
    ],
    [
      4,
      11
    ],
    [
      5,
      7
    ],
    [
      5,
      9
    ],
    [
      5,
      10
    ],
    [
      6,
      7
    ],
    [
      6,
      8
    ],
    [
      6,
      9
    ],
    [
      6,
      11
    ],
    [
      7,
      8
    ]
  ],
  "weights": {
    "0": 9.6396483717546,
    "1": 8.846773183203155,
    "2": 7.587147652630155,
    "3": 3.0486016684715675,
    "4": 3.9757809494487244,
    "5": 7.424295612618441,
    "6": 8.260384733672154,
    "7": 1.150509336682351,
    "8": 2.500243663373469,
    "9": 9.058644624976203,
    "10": 2.0630486882262344,
    "11": 6.897959744792217
  }
}