{
  "n": 18,
  "m": 51,
  "edges": [
    [
      0,
      5
    ],
    [
      0,
      6
    ],
    [
      0,
      8
    ],
    [
      0,
      12
    ],
    [
      0,
      13
    ],
    [
      0,
      14
    ],
    [
      0,
      16
    ],
    [
      0,
      17
    ],
    [
      1,
      2
    ],
    [
      1,
      3
    ],
    [
      1,
      5
    ],
    [
      1,
      13
    ],
    [
      2,
      4
    ],
    [
      2,
      5
    ],
    [
      2,
      6
    ],
    [
      2,
      12
    ],
    [
      2,
      14
    ],
    [
      2,
      16
    ],
    [
      2,
      17
    ],
    [
      3,
      5
    ],
    [
      3,
      8
    ],
    [
      3,
      15
    ],
    [
      4,
      9
    ],
    [
      4,
      11
    ],
    [
      4,
      17
    ],
    [
      5,
      11
    ],
    [
      5,
      14
    ],
    [
      6,
      8
    ],
    [
      6,
      10
    ],
    [
      6,
      13
    ],
    [
      7,
      8
    ],
    [
      7,
      9
    ],
    [
      7,
      11
    ],
    [
      7,
      12
    ],
    [
      7,
      15
    ],
    [
      7,
      17
    ],
    [
      8,
      10
    ],
    [
      8,
      13
    ],
    [
      8,
      14
    ],
    [
      9,
      10
    ],
    [
      9,
      13
    ],
    [
      10,
      13
    ],
    [
      10,
      15
    ],
    [
      10,
      16
    ],
    [
      10,
      17
    ],
    [
      11,
      15
    ],
    [
      11,
      16
    ],
    [
      12,
      15
    ],
    [
      12,
      16
    ],
    [
      14,
      16
    ],
    [
      14,
      17
    ]
  ],
  "weights": {
    "0": 9.811451080654969,
    "1": 5.1066844866266345,
    "2": 7.469623306902128,
    "3": 7.613976183268056,
    "4": 2.9341150164735703,
    "5": 1.7023417220361166,
    "6": 6.424689126404255,
    "7": 2.0972755245041403,
    "8": 4.4400397103317815,
    "9": 9.007325396263395,
    "10": 8.849352628571054,
    "11": 2.068201440587568,
    "12": 1.7401056303768272,
    "13": 3.002374680707287,
    "14": 8.452820031020465,
    "15": 1.2225202873090826,
    "16": 3.026645613135062,
    "17": 1.9651308672361338
  }
}