{
  "n": 18,
  "m": 59,
  "edges": [
    [
      0,
      2
    ],
    [
      0,
      7
    ],
    [
      0,
      8
    ],
    [
      0,
      9
    ],
    [
      0,
      11
    ],
    [
      0,
      13
    ],
    [
      0,
      14
    ],
    [
      0,
      15
    ],
    [
      1,
      3
    ],
    [
      1,
      6
    ],
    [
      1,
      8
    ],
    [
      1,
      9
    ],
    [
      2,
      4
    ],
    [
      2,
      7
    ],
    [
      2,
      8
    ],
    [
      2,
      10
    ],
    [
      2,
      12
    ],
    [
      2,
      13
    ],
    [
      2,
      14
    ],
    [
      2,
      15
    ],
    [
      2,
      16
    ],
    [
      3,
      10
    ],
    [
      3,
      14
    ],
    [
      3,
      15
    ],
    [
      3,
      16
    ],
    [
      3,
      17
    ],
    [
      4,
      8
    ],
    [
      4,
      13
    ],
    [
      4,
      14
    ],
    [
      5,
      8
    ],
    [
      5,
      11
    ],
    [
      5,
      12
    ],
    [
      5,
      16
    ],
    [
      5,
      17
    ],
    [
      6,
      8
    ],
    [
      6,
      10
    ],
    [
      6,
      11
    ],
    [
      6,
      12
    ],
    [
      6,
      15
    ],
    [
      6,
      16
    ],
    [
      7,
      9
    ],
    [
      7,
      15
    ],
    [
      7,
      16
    ],
    [
      8,
      11
    ],
    [
      8,
      13
    ],
    [
      8,
      17
    ],
    [
      9,
      10
    ],
    [
      9,
      11
    ],
    [
      9,
      12
    ],
    [
      9,
      13
    ],
    [
      9,
      14
    ],
    [
      10,
      16
    ],
    [
      11,
      12
    ],
    [
      11,
      15
    ],
    [
      12,
      13
    ],
    [
      12,
      14
    ],
    [
      12,
      15
    ],
    [
      13,
      16
    ],
    [
      16,
      17
    ]
  ],
  "weights": {
    "0": 6.230369192541082,
    "1": 2.7527904598072306,
    "2": 9.68725996355,
    "3": 9.315787615091148,
    "4": 5.204248103772766,
    "5": 6.971235800770545,
    "6": 2.930706727641712,
    "7": 2.995266245736166,
    "8": 3.5967019004313054,
    "9": 7.231804713957858,
    "10": 2.9113909152249797,
    "11": 9.739953562183963,
    "12": 1.633199358710478,
    "13": 2.739579658579819,
    "14": 1.7997721285142425,
    "15": 7.929027429490923,
    "16": 4.29863477293031,
    "17": 5.2451403742768
  }
}