{
  "n": 18,
  "m": 60,
  "edges": [
    [
      0,
      4
    ],
    [
      0,
      5
    ],
    [
      0,
      8
    ],
    [
      0,
      9
    ],
    [
      0,
      11
    ],
    [
      0,
      13
    ],
    [
      1,
      2
    ],
    [
      1,
      8
    ],
    [
      1,
      9
    ],
    [
      1,
      11
    ],
    [
      1,
      15
    ],
    [
      2,
      3
    ],
    [
      2,
      5
    ],
    [
      2,
      7
    ],
    [
      2,
      14
    ],
    [
      2,
      16
    ],
    [
      3,
      4
    ],
    [
      3,
      5
    ],
    [
      3,
      7
    ],
    [
      3,
      8
    ],
    [
      3,
      9
    ],
    [
      3,
      11
    ],
    [
      3,
      12
    ],
    [
      4,
      6
    ],
    [
      4,
      16
    ],
    [
      5,
      6
    ],
    [
      5,
      9
    ],
    [
      5,
      14
    ],
    [
      6,
      8
    ],
    [
      6,
      10
    ],
    [
      6,
      11
    ],
    [
      6,
      12
    ],
    [
      6,
      13
    ],
    [
      6,
      14
    ],
    [
      6,
      15
    ],
    [
      6,
      16
    ],
    [
      6,
      17
    ],
    [
      7,
      9
    ],
    [
      7,
      10
    ],
    [
      7,
      11
    ],
    [
      7,
      13
    ],
    [
      7,
      15
    ],
    [
      7,
      16
    ],
    [
      8,
      9
    ],
    [
      8,
      17
    ],
    [
      9,
      13
    ],
    [
      9,
      15
    ],
    [
      10,
      13
    ],
    [
      10,
      16
    ],
    [
      10,
      17
    ],
    [
      11,
      13
    ],
    [
      11,
      14
    ],
    [
      11,
      15
    ],
    [
      11,
      17
    ],
    [
      12,
      15
    ],
    [
      12,
      17
    ],
    [
      14,
      16
    ],
    [
      14,
      17
    ],
    [
      15,
      16
    ],
    [
      15,
      17
    ]
  ],
  "weights": {
    "0": 9.6396483717546,
    "1": 8.846773183203155,
    "2": 7.587147652630155,
    "3": 3.0486016684715675,
    "4": 3.9757809494487244,
    "5": 7.424295612618441,
    "6": 8.260384733672154,
    "7": 1.150509336682351,
    "8": 2.500243663373469,
    "9": 9.058644624976203,
    "10": 2.0630486882262344,
    "11": 6.897959744792217,
    "12": 3.9673396596217927,
    "13": 6.809519220499265,
    "14": 8.760468079355386,
    "15": 6.233683290423702,
    "16": 4.520280710361138,
    "17": 3.9009160662065865
  }
}