{
  "n": 12,
  "m": 22,
  "edges": [
    [
      0,
      2
    ],
    [
      0,
      7
    ],
    [
      0,
      8
    ],
    [
      0,
      9
    ],
    [
      0,
      11
    ],
    [
      1,
      3
    ],
    [
      1,
      4
    ],
    [
      1,
      5
    ],
    [
      2,
      3
    ],
    [
      2,
      6
    ],
    [
      3,
      8
    ],
    [
      4,
      5
    ],
    [
      4,
      7
    ],
    [
      4,
      9
    ],
    [
      4,
      10
    ],
    [
      4,
      11
    ],
    [
      5,
      6
    ],
    [
      5,
      7
    ],
    [
      7,
      10
    ],
    [
      7,
      11
    ],
    [
      8,
      9
    ],
    [
      10,
      11
    ]
  ],
  "weights": {
    "0": 6.230369192541082,
    "1": 2.7527904598072306,
    "2": 9.68725996355,
    "3": 9.315787615091148,
    "4": 5.204248103772766,
    "5": 6.971235800770545,
    "6": 2.930706727641712,
    "7": 2.995266245736166,
    "8": 3.5967019004313054,
    "9": 7.231804713957858,
    "10": 2.9113909152249797,
    "11": 9.739953562183963
  }
}