{
  "n": 18,
  "m": 46,
  "edges": [
    [
      0,
      1
    ],
    [
      0,
      3
    ],
    [
      0,
      9
    ],
    [
      0,
      16
    ],
    [
      0,
      17
    ],
    [
      1,
      7
    ],
    [
      1,
      9
    ],
    [
      1,
      13
    ],
    [
      1,
      14
    ],
    [
      1,
      15
    ],
    [
      2,
      7
    ],
    [
      2,
      8
    ],
    [
      4,
      8
    ],
    [
      4,
      9
    ],
    [
      4,
      13
    ],
    [
      4,
      16
    ],
    [
      5,
      7
    ],
    [
      5,
      9
    ],
    [
      5,
      11
    ],
    [
      5,
      12
    ],
    [
      5,
      14
    ],
    [
      5,
      15
    ],
    [
      5,
      16
    ],
    [
      6,
      7
    ],
    [
      6,
      10
    ],
    [
      6,
      11
    ],
    [
      6,
      12
    ],
    [
      6,
      14
    ],
    [
      7,
      11
    ],
    [
      7,
      12
    ],
    [
      7,
      13
    ],
    [
      8,
      11
    ],
    [
      8,
      12
    ],
    [
      8,
      13
    ],
    [
      9,
      14
    ],
    [
      10,
      11
    ],
    [
      10,
      12
    ],
    [
      10,
      14
    ],
    [
      11,
      14
    ],
    [
      11,
      15
    ],
    [
      12,
      13
    ],
    [
      12,
      14
    ],
    [
      12,
      15
    ],
    [
      12,
      17
    ],
    [
      14,
      15
    ],
    [
      15,
      17
    ]
  ],
  "weights": {
    "0": 2.333540857483752,
    "1": 6.543687583686012,
    "2": 2.527172401471005,
    "3": 7.412562526376869,
    "4": 6.470492434817242,
    "5": 4.459037249052735,
    "6": 6.55747870253021,
    "7": 6.0962719338522975,
    "8": 1.3890002855560992,
    "9": 5.771064347676171,
    "10": 6.576923733332648,
    "11": 5.6764810976747375,
    "12": 8.915159789235286,
    "13": 7.617800475043818,
    "14": 4.394079655212789,
    "15": 3.0415577932512425,
    "16": 2.1524436307285657,
    "17": 8.291815679339914
  }
}