{
  "n": 12,
  "m": 12,
  "edges": [
    [
      0,
      1
    ],
    [
      0,
      3
    ],
    [
      0,
      9
    ],
    [
      1,
      6
    ],
    [
      1,
      7
    ],
    [
      2,
      4
    ],
    [
      2,
      6
    ],
    [
      2,
      10
    ],
    [
      2,
      11
    ],
    [
      3,
      11
    ],
    [
      4,
      5
    ],
    [
      10,
      11
    ]
  ],
  "weights": {
    "0": 2.333540857483752,
    "1": 6.543687583686012,
    "2": 2.527172401471005,
    "3": 7.412562526376869,
    "4": 6.470492434817242,
    "5": 4.459037249052735,
    "6": 6.55747870253021,
    "7": 6.0962719338522975,
    "8": 1.3890002855560992,
    "9": 5.771064347676171,
    "10": 6.576923733332648,
    "11": 5.6764810976747375
  }
}