{
  "n": 18,
  "m": 54,
  "edges": [
    [
      0,
      1
    ],
    [
      0,
      9
    ],
    [
      0,
      11
    ],
    [
      0,
      14
    ],
    [
      0,
      15
    ],
    [
      0,
      17
    ],
    [
      1,
      2
    ],
    [
      1,
      3
    ],
    [
      1,
      4
    ],
    [
      1,
      7
    ],
    [
      1,
      12
    ],
    [
      1,
      14
    ],
    [
      1,
      15
    ],
    [
      2,
      4
    ],
    [
      2,
      7
    ],
    [
      2,
      11
    ],
    [
      3,
      4
    ],
    [
      3,
      7
    ],
    [
      3,
      15
    ],
    [
      4,
      10
    ],
    [
      4,
      13
    ],
    [
      4,
      16
    ],
    [
      4,
      17
    ],
    [
      5,
      7
    ],
    [
      5,
      8
    ],
    [
      5,
      13
    ],
    [
      5,
      14
    ],
    [
      5,
      15
    ],
    [
      5,
      16
    ],
    [
      6,
      8
    ],
    [
      7,
      8
    ],
    [
      7,
      11
    ],
    [
      7,
      12
    ],
    [
      7,
      13
    ],
    [
      7,
      14
    ],
    [
      7,
      15
    ],
    [
      7,
      17
    ],
    [
      8,
      9
    ],
    [
      8,
      14
    ],
    [
      8,
      16
    ],
    [
      9,
      10
    ],
    [
      9,
      11
    ],
    [
      9,
      12
    ],
    [
      10,
      11
    ],
    [
      10,
      13
    ],
    [
      10,
      16
    ],
    [
      10,
      17
    ],
    [
      11,
      12
    ],
    [
      11,
      16
    ],
    [
      11,
      17
    ],
    [
      12,
      13
    ],
    [
      12,
      14
    ],
    [
      14,
      16
    ],
    [
      15,
      16
    ]
  ],
  "weights": {
    "0": 2.311023295937173,
    "1": 5.0943430406261925,
    "2": 7.937054250931199,
    "3": 7.3496190424062515,
    "4": 7.587630757299301,
    "5": 4.901629914058634,
    "6": 8.20018411420085,
    "7": 5.7961127317831425,
    "8": 1.7213833826065175,
    "9": 5.103512930652104,
    "10": 1.4309876481394754,
    "11": 9.396661600675454,
    "12": 9.523702054026495,
    "13": 4.0181569834600905,
    "14": 3.7846533622603076,
    "15": 7.912163338705724,
    "16": 2.8348257589917134,
    "17": 2.6061468665859215
  }
}