{
  "num_elements": 20,
  "num_sets": 11,
  "universe": [
    0,
    1,
    2,
    3,
    4,
    5,
    6,
    7,
    8,
    9,
    10,
    11,
    12,
    13,
    14,
    15,
    16,
    17,
    18,
    19
  ],
  "subsets": [
    [
      5,
      11,
      19
    ],
    [
      5,
      9,
      12,
      13,
      16,
      19
    ],
    [
      5,
      7,
      12,
      16,
      17,
      19
    ],
    [
      1,
      2,
      4,
      5
    ],
    [
      4,
      7,
      14,
      16,
      17,
      18
    ],
    [
      2,
      6,
      7,
      10,
      15,
      18
    ],
    [
      4,
      12,
      13,
      14,
      16,
      18,
      19
    ],
    [
      2,
      6,
      7,
      9
    ],
    [
      8,
      10,
      14,
      15,
      17
    ],
    [
      3,
      6,
      12,
      14,
      16,
      17
    ],
    [
      0
    ]
  ],
  "costs": [
    7.687131984864503,
    6.402630562206594,
    9.234942696141633,
    6.60774187342575,
    5.803034018976601,
    9.76612226163528,
    5.748818542324853,
    4.585935362230682,
    9.439354376982685,
    9.496650747021112,
    2.548152154430919
  ]
}