{
  "num_elements": 40,
  "num_sets": 20,
  "universe": [
    0,
    1,
    2,
    3,
    4,
    5,
    6,
    7,
    8,
    9,
    10,
    11,
    12,
    13,
    14,
    15,
    16,
    17,
    18,
    19,
    20,
    21,
    22,
    23,
    24,
    25,
    26,
    27,
    28,
    29,
    30,
    31,
    32,
    33,
    34,
    35,
    36,
    37,
    38,
    39
  ],
  "subsets": [
    [
      2,
      4,
      7,
      13,
      21,
      24,
      29,
      31,
      36,
      37,
      39
    ],
    [
      1,
      2,
      6,
      8,
      14
    ],
    [
      5,
      11,
      14,
      15,
      18,
      23,
      26,
      37
    ],
    [
      13,
      16,
      30,
      32,
      39
    ],
    [
      2,
      12,
      13,
      18,
      29,
      30,
      33,
      36,
      38
    ],
    [
      5,
      6,
      8,
      9,
      16,
      22,
      26,
      30,
      32,
      35
    ],
    [
      1,
      6,
      7,
      18,
      24,
      30,
      36
    ],
    [
      2,
      4,
      11,
      16,
      24,
      25,
      28,
      37
    ],
    [
      0,
      14,
      15,
      18,
      34,
      36
    ],
    [
      1,
      5,
      9,
      24,
      37
    ],
    [
      2,
      5,
      9,
      17,
      20,
      21,
      35
    ],
    [
      6,
      11,
      14,
      17,
      19,
      25,
      29,
      33,
      34
    ],
    [
      2,
      8,
      21,
      22,
      31,
      38
    ],
    [
      1,
      4,
      10,
      18,
      20,
      24,
      26,
      27,
      33
    ],
    [
      2,
      17,
      21,
      25,
      26,
      28,
      33
    ],
    [
      28,
      29,
      34,
      36,
      37
    ],
    [
      1,
      9,
      21,
      31
    ],
    [
      0,
      7,
      16,
      24,
      29
    ],
    [
      3,
      7,
      8,
      9,
      22,
      34,
      35,
      38,
      39
    ],
    [
      5,
      9,
      15,
      16,
      18,
      24,
      27,
      30,
      35,
      38
    ]
  ],
  "costs": [
    2.748253671090114,
    6.999799008340582,
    6.882629232121027,
    5.63021122071957,
    7.5410014414317486,
    9.813561745606513,
    9.49226992568341,
    1.9642991587627296,
    3.5871280360687816,
    6.516831539363586,
    7.207531777219257,
    3.5604739469580977,
    9.376946011418427,
    5.147792656726278,
    7.886979590276461,
    1.4708482245817658,
    3.5119214309499007,
    1.2022868484981357,
    8.119447213405724,
    5.697104058771658
  ]
}