{
  "num_elements": 30,
  "num_sets": 15,
  "universe": [
    0,
    1,
    2,
    3,
    4,
    5,
    6,
    7,
    8,
    9,
    10,
    11,
    12,
    13,
    14,
    15,
    16,
    17,
    18,
    19,
    20,
    21,
    22,
    23,
    24,
    25,
    26,
    27,
    28,
    29
  ],
  "subsets": [
    [
      1,
      6,
      11,
      14,
      16,
      17,
      21
    ],
    [
      7,
      9,
      15,
      22,
      29
    ],
    [
      2,
      5,
      6,
      8,
      10,
      14,
      27,
      28
    ],
    [
      6,
      7,
      10,
      11,
      12,
      15,
      20,
      25
    ],
    [
      2,
      3,
      6,
      9,
      13,
      14
    ],
    [
      7,
      8,
      10,
      12,
      19,
      21,
      24,
      28
    ],
    [
      0,
      12,
      13,
      14,
      21,
      23
    ],
    [
      0,
      3,
      11,
      22,
      25
    ],
    [
      1,
      4,
      8,
      13,
      18,
      26
    ],
    [
      2,
      4,
      12,
      24
    ],
    [
      5,
      11,
      15,
      18,
      20,
      23,
      24,
      26
    ],
    [
      0,
      2,
      5,
      9,
      16,
      21,
      22,
      27,
      29
    ],
    [
      11,
      17,
      18
    ],
    [
      3,
      14,
      19,
      21,
      22,
      23,
      26,
      27,
      28,
      29
    ],
    [
      4,
      5,
      6,
      14,
      17,
      21,
      23,
      25,
      29
    ]
  ],
  "costs": [
    1.7309873820402566,
    2.3498717692514877,
    3.8074282336086736,
    4.375163015782642,
    1.5362063418092653,
    5.95300523342825,
    9.987037846098628,
    5.16713538406372,
    2.7326369025411794,
    7.111579659734028,
    3.948172776517727,
    3.52104077067476,
    2.3863993231219345,
    5.195079250931314,
    4.824829727483792
  ]
}