{
  "num_elements": 40,
  "num_sets": 20,
  "universe": [
    0,
    1,
    2,
    3,
    4,
    5,
    6,
    7,
    8,
    9,
    10,
    11,
    12,
    13,
    14,
    15,
    16,
    17,
    18,
    19,
    20,
    21,
    22,
    23,
    24,
    25,
    26,
    27,
    28,
    29,
    30,
    31,
    32,
    33,
    34,
    35,
    36,
    37,
    38,
    39
  ],
  "subsets": [
    [
      0,
      1,
      4,
      6,
      8,
      10,
      12,
      14,
      21,
      25,
      28
    ],
    [
      3,
      12,
      21,
      23
    ],
    [
      2,
      10,
      19,
      20,
      25,
      26,
      28,
      29
    ],
    [
      2,
      6,
      7,
      10,
      11,
      16,
      36,
      37
    ],
    [
      4,
      12,
      21,
      22,
      26,
      34
    ],
    [
      2,
      6,
      8,
      9,
      11,
      14,
      27,
      29,
      30,
      35
    ],
    [
      2,
      9,
      10,
      13,
      24,
      29,
      34,
      39
    ],
    [
      0,
      3,
      4,
      5,
      7,
      8,
      9,
      15
    ],
    [
      26,
      30,
      35,
      39
    ],
    [
      1,
      19,
      27,
      31,
      33,
      34,
      36,
      37
    ],
    [
      1,
      5,
      7,
      12,
      16,
      28,
      31,
      39
    ],
    [
      5,
      15,
      19,
      37,
      39
    ],
    [
      0,
      4,
      10,
      26
    ],
    [
      5,
      10,
      11,
      13,
      15,
      21,
      24,
      34,
      35
    ],
    [
      5,
      12,
      14,
      15,
      37
    ],
    [
      12,
      14,
      15,
      24,
      30,
      31,
      32,
      33,
      38
    ],
    [
      5,
      18,
      25,
      36
    ],
    [
      2,
      3,
      4,
      25,
      31
    ],
    [
      2,
      4,
      8,
      17,
      22,
      24,
      28,
      32,
      35,
      39
    ],
    [
      0,
      1,
      10,
      11,
      17,
      27,
      29,
      35
    ]
  ],
  "costs": [
    3.358028003120266,
    5.751400425573204,
    5.082124243205802,
    7.25945824833206,
    2.47724137830723,
    5.387279079704216,
    2.1134076473670755,
    7.565028541990397,
    1.547851227793185,
    3.7787607618313928,
    1.5734643633783805,
    4.00535137259738,
    3.199518935346374,
    5.877351167826516,
    1.9761457392294657,
    3.1675544478878535,
    7.2447298124487665,
    8.735826213761772,
    3.461142628293835,
    7.791482999229528
  ]
}