{
  "num_elements": 30,
  "num_sets": 16,
  "universe": [
    0,
    1,
    2,
    3,
    4,
    5,
    6,
    7,
    8,
    9,
    10,
    11,
    12,
    13,
    14,
    15,
    16,
    17,
    18,
    19,
    20,
    21,
    22,
    23,
    24,
    25,
    26,
    27,
    28,
    29
  ],
  "subsets": [
    [
      5,
      11,
      17,
      19
    ],
    [
      5,
      9,
      12,
      13,
      18,
      19,
      23,
      29
    ],
    [
      16,
      17,
      19
    ],
    [
      5,
      7,
      12,
      14,
      23,
      25,
      28,
      29
    ],
    [
      1,
      2,
      5,
      18,
      19,
      22,
      25
    ],
    [
      7,
      16,
      22,
      25,
      26,
      29
    ],
    [
      13,
      15,
      19,
      20
    ],
    [
      2,
      6,
      7,
      10,
      12,
      19,
      22,
      26
    ],
    [
      4,
      5,
      12,
      13,
      19,
      23,
      26
    ],
    [
      2,
      7,
      9,
      13,
      18,
      20
    ],
    [
      14,
      19,
      21,
      24
    ],
    [
      10,
      14,
      15,
      17,
      20,
      23,
      24,
      26,
      27
    ],
    [
      6,
      7,
      12,
      16,
      17,
      18,
      19,
      21,
      23,
      27
    ],
    [
      1,
      3,
      11,
      12,
      16,
      17,
      26
    ],
    [
      2,
      5,
      8,
      9,
      12,
      13,
      16,
      24,
      27,
      28
    ],
    [
      0
    ]
  ],
  "costs": [
    2.9178150060261334,
    5.030488578396988,
    6.964129331791928,
    2.9873152124932636,
    4.733703622483697,
    2.2863554313837975,
    5.317363126470704,
    3.0692219293972016,
    1.7258500991361883,
    4.502391133303194,
    2.351793118132472,
    2.069723479342059,
    2.355445474676507,
    4.759293380838496,
    3.8606657862742724,
    7.554708458537189
  ]
}