{
  "num_elements": 40,
  "num_sets": 20,
  "universe": [
    0,
    1,
    2,
    3,
    4,
    5,
    6,
    7,
    8,
    9,
    10,
    11,
    12,
    13,
    14,
    15,
    16,
    17,
    18,
    19,
    20,
    21,
    22,
    23,
    24,
    25,
    26,
    27,
    28,
    29,
    30,
    31,
    32,
    33,
    34,
    35,
    36,
    37,
    38,
    39
  ],
  "subsets": [
    [
      11,
      22,
      25,
      27,
      29
    ],
    [
      3,
      5,
      7,
      13,
      16,
      29,
      34,
      39
    ],
    [
      9,
      11,
      12,
      13,
      19,
      22
    ],
    [
      13,
      17,
      25,
      26,
      29,
      35
    ],
    [
      0,
      5,
      7,
      9,
      10,
      11,
      12,
      24,
      25,
      26,
      38
    ],
    [
      8,
      15,
      24,
      28
    ],
    [
      3,
      15,
      18,
      21,
      32,
      33,
      34,
      38
    ],
    [
      3,
      6,
      16,
      19,
      23,
      25,
      27,
      30
    ],
    [
      16,
      27,
      31,
      32,
      37
    ],
    [
      3,
      10,
      17,
      20,
      37
    ],
    [
      3,
      7,
      13,
      14,
      19,
      21,
      22,
      29,
      33
    ],
    [
      7,
      12,
      30,
      33
    ],
    [
      2,
      13,
      24,
      38
    ],
    [
      2,
      3,
      6,
      9,
      10,
      25,
      28,
      30,
      34
    ],
    [
      2,
      3,
      5,
      6,
      8,
      10,
      12,
      13,
      15,
      39
    ],
    [
      2,
      25,
      27,
      28,
      30,
      34
    ],
    [
      9,
      12,
      16,
      26,
      29,
      33
    ],
    [
      3,
      4,
      6,
      12,
      14,
      16,
      17,
      25,
      26,
      33
    ],
    [
      0,
      1,
      2,
      14,
      17,
      18,
      19,
      20,
      25,
      36,
      39
    ],
    [
      1,
      5,
      20,
      22,
      37
    ]
  ],
  "costs": [
    7.064364470678653,
    4.998971270794382,
    7.553873508672464,
    2.658435911981489,
    9.788626110208387,
    1.2055363821764689,
    6.558741716088285,
    4.172188845381073,
    8.206741273289733,
    2.2928522484785,
    9.018225448376972,
    1.0289778943461259,
    7.616885856709324,
    7.331186695978625,
    5.566127811126891,
    2.5703946458178546,
    4.4393740039735246,
    5.019876351643218,
    2.913198830076336,
    2.4488631666426643
  ]
}