{
  "num_elements": 40,
  "num_sets": 20,
  "universe": [
    0,
    1,
    2,
    3,
    4,
    5,
    6,
    7,
    8,
    9,
    10,
    11,
    12,
    13,
    14,
    15,
    16,
    17,
    18,
    19,
    20,
    21,
    22,
    23,
    24,
    25,
    26,
    27,
    28,
    29,
    30,
    31,
    32,
    33,
    34,
    35,
    36,
    37,
    38,
    39
  ],
  "subsets": [
    [
      10,
      22,
      35,
      38,
      39
    ],
    [
      18,
      27,
      36,
      37,
      39
    ],
    [
      11,
      33,
      34,
      39
    ],
    [
      3,
      5,
      8,
      11,
      14,
      24,
      28,
      32,
      38
    ],
    [
      2,
      4,
      9,
      14,
      15,
      19,
      26,
      30,
      31,
      33,
      38
    ],
    [
      6,
      8,
      10,
      12,
      23,
      24,
      25,
      27,
      32,
      36
    ],
    [
      8,
      15,
      18,
      27
    ],
    [
      13,
      17,
      20,
      28,
      30,
      32,
      34,
      39
    ],
    [
      10,
      13,
      23,
      34,
      36,
      37,
      38
    ],
    [
      4,
      7,
      11,
      19,
      24,
      25,
      30,
      33
    ],
    [
      10,
      11,
      12,
      13,
      14,
      20,
      26,
      28,
      39
    ],
    [
      0,
      14,
      30,
      34,
      38
    ],
    [
      7,
      9,
      17,
      24
    ],
    [
      0,
      9,
      17,
      26
    ],
    [
      12,
      15,
      19,
      26,
      27,
      28
    ],
    [
      1,
      5,
      12,
      13,
      14,
      16,
      29,
      30,
      37,
      39
    ],
    [
      0,
      8,
      16,
      24,
      30
    ],
    [
      4,
      10,
      11,
      14,
      15,
      27
    ],
    [
      3,
      7,
      9,
      10,
      11,
      12,
      17,
      30,
      37
    ],
    [
      4,
      21,
      25,
      30,
      38
    ]
  ],
  "costs": [
    5.8908316583130915,
    5.2160514908324735,
    8.093748249726957,
    7.1339115592704525,
    8.139570148619658,
    7.43054052502918,
    3.347219454081594,
    9.812405515678272,
    9.10248931502609,
    2.3581756898692086,
    9.996106604927462,
    9.873919744645425,
    2.766436275848735,
    1.808939738738736,
    6.0235447197560115,
    2.8224797519251723,
    5.00668879060903,
    3.314750504195283,
    5.327314660007665,
    6.214030030253778
  ]
}