{
  "num_elements": 20,
  "num_sets": 11,
  "universe": [
    0,
    1,
    2,
    3,
    4,
    5,
    6,
    7,
    8,
    9,
    10,
    11,
    12,
    13,
    14,
    15,
    16,
    17,
    18,
    19
  ],
  "subsets": [
    [
      1,
      6,
      10,
      11,
      14,
      17
    ],
    [
      5,
      6,
      7,
      9,
      15,
      19
    ],
    [
      2,
      5,
      6,
      7,
      8,
      12,
      18,
      19
    ],
    [
      7,
      10,
      12,
      13,
      15
    ],
    [
      6,
      9,
      13,
      14
    ],
    [
      8,
      10,
      19
    ],
    [
      2,
      7,
      12,
      13,
      19
    ],
    [
      0,
      3,
      5,
      6,
      12,
      13,
      14
    ],
    [
      0,
      8,
      11
    ],
    [
      1,
      4,
      5,
      8,
      13,
      18
    ],
    [
      16
    ]
  ],
  "costs": [
    7.872464309311126,
    4.642072090236912,
    9.918029193241054,
    8.453119525798106,
    9.067743047114448,
    6.121623629899376,
    2.496975351021181,
    8.594695336245803,
    5.593926353764884,
    8.81421416126128,
    2.630414457766134
  ]
}