{
  "num_elements": 20,
  "num_sets": 11,
  "universe": [
    0,
    1,
    2,
    3,
    4,
    5,
    6,
    7,
    8,
    9,
    10,
    11,
    12,
    13,
    14,
    15,
    16,
    17,
    18,
    19
  ],
  "subsets": [
    [
      2,
      3,
      5,
      6,
      7,
      10,
      12,
      14
    ],
    [
      2,
      4,
      7
    ],
    [
      0,
      1,
      3,
      4,
      7,
      9
    ],
    [
      1,
      5,
      7,
      13,
      16,
      18
    ],
    [
      6,
      8,
      15,
      16,
      18
    ],
    [
      6,
      8,
      11,
      14,
      16,
      18,
      19
    ],
    [
      4,
      13,
      15,
      18
    ],
    [
      2,
      3,
      4,
      11,
      15,
      19
    ],
    [
      3,
      9,
      12,
      18,
      19
    ],
    [
      12,
      15,
      18
    ],
    [
      17
    ]
  ],
  "costs": [
    8.37099178554905,
    4.997922072979133,
    7.745402216923267,
    1.5821773677242446,
    5.003974847560946,
    1.3999290535050708,
    6.8215194393870595,
    8.853923805732823,
    5.891146824932545,
    6.088527971058514,
    6.60241413838913
  ]
}