{
  "num_elements": 30,
  "num_sets": 15,
  "universe": [
    0,
    1,
    2,
    3,
    4,
    5,
    6,
    7,
    8,
    9,
    10,
    11,
    12,
    13,
    14,
    15,
    16,
    17,
    18,
    19,
    20,
    21,
    22,
    23,
    24,
    25,
    26,
    27,
    28,
    29
  ],
  "subsets": [
    [
      2,
      3,
      6,
      14,
      19,
      20,
      22,
      23,
      27,
      28
    ],
    [
      3,
      10,
      15,
      21,
      27,
      28
    ],
    [
      0,
      7,
      18,
      26
    ],
    [
      3,
      4,
      22
    ],
    [
      5,
      9,
      13,
      18,
      23,
      25,
      27
    ],
    [
      2,
      7,
      18,
      19,
      21,
      24,
      25,
      29
    ],
    [
      6,
      15,
      16,
      18,
      19,
      22
    ],
    [
      6,
      9,
      14,
      16,
      22,
      23,
      24,
      25,
      27
    ],
    [
      4,
      13,
      15,
      16,
      26
    ],
    [
      3,
      11,
      15,
      26,
      29
    ],
    [
      2,
      3,
      9,
      15,
      18,
      21,
      22,
      23,
      26
    ],
    [
      0,
      9,
      12,
      15,
      17,
      19,
      23,
      25
    ],
    [
      1,
      2,
      5,
      8,
      10,
      14,
      20,
      23,
      29
    ],
    [
      0,
      7,
      17,
      18,
      19
    ],
    [
      2,
      4,
      12,
      18,
      29
    ]
  ],
  "costs": [
    6.816539205834668,
    4.420561948817705,
    5.296400316720372,
    3.977097517259672,
    5.988683136616155,
    7.083755912760369,
    3.9499060323348365,
    7.16497210290233,
    8.64076739615139,
    5.827942370275995,
    9.823352695287195,
    3.785499234270978,
    9.276069317979317,
    2.6371086866276947,
    4.270913964258705
  ]
}