{
  "num_elements": 30,
  "num_sets": 15,
  "universe": [
    0,
    1,
    2,
    3,
    4,
    5,
    6,
    7,
    8,
    9,
    10,
    11,
    12,
    13,
    14,
    15,
    16,
    17,
    18,
    19,
    20,
    21,
    22,
    23,
    24,
    25,
    26,
    27,
    28,
    29
  ],
  "subsets": [
    [
      0,
      4,
      6,
      7,
      10,
      12,
      22,
      23,
      24,
      27
    ],
    [
      2,
      3,
      4,
      10,
      11,
      20,
      24,
      28,
      29
    ],
    [
      6,
      8,
      18
    ],
    [
      5,
      9,
      10,
      13,
      19,
      20
    ],
    [
      7,
      14,
      17
    ],
    [
      1,
      3,
      5,
      18,
      27
    ],
    [
      3,
      25,
      26
    ],
    [
      10,
      13,
      17,
      29
    ],
    [
      6,
      17,
      19,
      26
    ],
    [
      1,
      4,
      14,
      15,
      17,
      20,
      21,
      23,
      25
    ],
    [
      1,
      4,
      5,
      12,
      16,
      17,
      24,
      27,
      28
    ],
    [
      5,
      6,
      14,
      19
    ],
    [
      0,
      2,
      4,
      26
    ],
    [
      2,
      3,
      13,
      15,
      17,
      19,
      20,
      22
    ],
    [
      0,
      6,
      9,
      13,
      15,
      17,
      22,
      23,
      26
    ]
  ],
  "costs": [
    8.723681024707243,
    9.015093971088923,
    8.55676257145127,
    5.672488612557982,
    5.70107620526491,
    7.603186005121371,
    6.211636640609583,
    1.2512747890133764,
    9.252281734385837,
    2.791788697372741,
    5.359763711139109,
    5.071426593691325,
    1.8396087492596556,
    6.204334960845343,
    6.312877780117601
  ]
}