{
  "num_elements": 30,
  "num_sets": 16,
  "universe": [
    0,
    1,
    2,
    3,
    4,
    5,
    6,
    7,
    8,
    9,
    10,
    11,
    12,
    13,
    14,
    15,
    16,
    17,
    18,
    19,
    20,
    21,
    22,
    23,
    24,
    25,
    26,
    27,
    28,
    29
  ],
  "subsets": [
    [
      5,
      14,
      22,
      24
    ],
    [
      3,
      11,
      13,
      16,
      17,
      25
    ],
    [
      1,
      8,
      14,
      23
    ],
    [
      5,
      6,
      7,
      9,
      10,
      20,
      24,
      28
    ],
    [
      11,
      13,
      20,
      28
    ],
    [
      3,
      5,
      6,
      8,
      12,
      14,
      17,
      20,
      22,
      28
    ],
    [
      4,
      12,
      19,
      24
    ],
    [
      0,
      5,
      6,
      7,
      14,
      20,
      21,
      26,
      29
    ],
    [
      1,
      4,
      7,
      12,
      17,
      19,
      23,
      24,
      27
    ],
    [
      9,
      10,
      16,
      18,
      21,
      22,
      28,
      29
    ],
    [
      11,
      12,
      15,
      24,
      27
    ],
    [
      3,
      9,
      28
    ],
    [
      7,
      8,
      13,
      16,
      22,
      25,
      26,
      27
    ],
    [
      1,
      4,
      5,
      8,
      10,
      18,
      21,
      28,
      29
    ],
    [
      3,
      8,
      22
    ],
    [
      2
    ]
  ],
  "costs": [
    7.460233587447426,
    8.038672047542569,
    8.977578751536605,
    8.973289905404506,
    5.720649619330171,
    2.9481492702474785,
    8.238640261730117,
    7.545090400531298,
    4.21501839163651,
    5.1012068846281275,
    7.206070549981812,
    5.27965339076113,
    8.398589355703807,
    2.071769598729586,
    6.361007413881354,
    1.395485308085421
  ]
}