{
  "num_elements": 20,
  "num_sets": 10,
  "universe": [
    0,
    1,
    2,
    3,
    4,
    5,
    6,
    7,
    8,
    9,
    10,
    11,
    12,
    13,
    14,
    15,
    16,
    17,
    18,
    19
  ],
  "subsets": [
    [
      5,
      12,
      14
    ],
    [
      2,
      3,
      7,
      11,
      13,
      16,
      17
    ],
    [
      6,
      7,
      9,
      10
    ],
    [
      4,
      5,
      6,
      10,
      11,
      16,
      18,
      19
    ],
    [
      2,
      6,
      8,
      10,
      12,
      13,
      14,
      18
    ],
    [
      0,
      3,
      4,
      5,
      12,
      19
    ],
    [
      0,
      7,
      12,
      14
    ],
    [
      1,
      7,
      17
    ],
    [
      8,
      9,
      10,
      13,
      16,
      17,
      19
    ],
    [
      1,
      3,
      4,
      6,
      9,
      10,
      12,
      15
    ]
  ],
  "costs": [
    3.1581702726062577,
    8.41594179856532,
    7.362080540006553,
    4.936866647769667,
    8.991115544901868,
    8.20997856141133,
    9.115118430883888,
    3.2878933871142406,
    1.5239734655900383,
    6.268169766307395
  ]
}