{
  "num_elements": 40,
  "num_sets": 20,
  "universe": [
    0,
    1,
    2,
    3,
    4,
    5,
    6,
    7,
    8,
    9,
    10,
    11,
    12,
    13,
    14,
    15,
    16,
    17,
    18,
    19,
    20,
    21,
    22,
    23,
    24,
    25,
    26,
    27,
    28,
    29,
    30,
    31,
    32,
    33,
    34,
    35,
    36,
    37,
    38,
    39
  ],
  "subsets": [
    [
      3,
      12,
      13,
      14,
      22,
      29,
      32,
      34
    ],
    [
      4,
      5,
      10,
      12,
      13,
      14,
      16,
      21,
      24,
      28,
      31
    ],
    [
      4,
      12,
      13,
      15,
      20,
      25,
      27,
      30
    ],
    [
      7,
      13,
      17,
      19,
      21,
      24,
      25
    ],
    [
      0,
      4,
      25,
      26,
      29
    ],
    [
      0,
      1,
      6,
      22,
      23
    ],
    [
      2,
      4,
      9,
      11,
      17,
      27
    ],
    [
      10,
      11,
      19,
      22,
      23,
      25,
      30,
      31,
      32,
      36
    ],
    [
      0,
      2,
      4,
      5,
      7,
      22,
      28,
      34
    ],
    [
      5,
      8,
      11,
      12,
      28,
      29,
      36,
      38,
      39
    ],
    [
      3,
      4,
      8,
      12,
      19,
      21,
      22,
      24,
      29,
      35,
      38
    ],
    [
      5,
      7,
      9,
      13,
      16,
      17,
      20,
      27,
      29,
      32
    ],
    [
      0,
      11,
      25,
      39
    ],
    [
      2,
      12,
      15,
      17,
      21,
      30,
      36
    ],
    [
      1,
      8,
      18,
      20,
      21,
      22,
      23,
      34
    ],
    [
      3,
      4,
      7,
      9,
      10,
      13,
      14,
      25,
      33,
      36,
      38
    ],
    [
      12,
      13,
      23,
      28,
      32,
      35
    ],
    [
      16,
      19,
      20,
      34,
      35
    ],
    [
      2,
      13,
      19,
      27,
      29
    ],
    [
      3,
      17,
      21,
      28,
      37
    ]
  ],
  "costs": [
    5.974698203753155,
    2.8401676457933065,
    1.3032113757650299,
    9.098712088066586,
    9.77291043737565,
    6.566089900574617,
    8.559592675598067,
    1.119179090159811,
    9.34710495970139,
    7.0055944134831805,
    7.930391002804649,
    9.589684928141864,
    5.386565206380944,
    8.247534004741926,
    6.722106296973189,
    1.3204468431248617,
    8.830436992599163,
    6.440120203378998,
    2.0906441004638623,
    1.7750688850146026
  ]
}