{
  "num_elements": 20,
  "num_sets": 11,
  "universe": [
    0,
    1,
    2,
    3,
    4,
    5,
    6,
    7,
    8,
    9,
    10,
    11,
    12,
    13,
    14,
    15,
    16,
    17,
    18,
    19
  ],
  "subsets": [
    [
      0,
      2,
      6,
      7,
      10,
      11,
      12,
      17
    ],
    [
      2,
      3,
      4,
      5,
      10,
      12,
      18
    ],
    [
      1,
      6,
      8,
      12
    ],
    [
      1,
      5,
      7,
      8,
      9,
      13,
      14,
      19
    ],
    [
      1,
      3,
      5,
      18
    ],
    [
      3,
      5,
      8
    ],
    [
      0,
      2,
      3,
      6,
      10,
      11
    ],
    [
      2,
      4,
      7,
      14,
      15,
      17,
      19
    ],
    [
      1,
      2,
      5,
      7,
      12,
      14,
      17,
      18
    ],
    [
      1,
      2,
      4,
      14
    ],
    [
      16
    ]
  ],
  "costs": [
    1.6461282602560354,
    2.1645030254263316,
    7.29198546851631,
    2.1101038206412497,
    5.245275010088057,
    6.052168447212435,
    4.761215408704183,
    8.472123793711916,
    5.305726228738291,
    2.692364301355302,
    4.8832231744555035
  ]
}