{
  "instance_file": "tsp_n8_s104.json",
  "n": 8,
  "algorithms": {},
  "exact_cost": 262.27060687063727,
  "exact_time": 0.0010688304901123047,
  "exact_status": "optimal",
  "lp_value": 262.2706068706373,
  "lp_time": 0.017307758331298828,
  "lp_status": "Optimal",
  "christofides_cost": 287.0830976933116,
  "christofides_time": 0.0014841556549072266,
  "christofides_status": "success",
  "two_opt_cost": 262.27060687063727,
  "two_opt_time": 0.00014591217041015625,
  "two_opt_iterations": 3,
  "two_opt_status": "success",
  "hybrid_cost": 262.27060687063727,
  "hybrid_total_time": 0.0013647079467773438,
  "hybrid_christofides_time": 0.0012519359588623047,
  "hybrid_2opt_time": 0.00011277198791503906,
  "hybrid_iterations": 3,
  "hybrid_status": "success",
  "reference_value": 262.27060687063727,
  "reference_type": "exact",
  "christofides_ratio": 1.0946064491127396,
  "two_opt_ratio": 1.0,
  "hybrid_ratio": 1.0
}