{
  "instance_file": "tsp_n15_s100.json",
  "n": 15,
  "algorithms": {},
  "exact_cost": null,
  "exact_time": null,
  "exact_status": "skipped",
  "lp_value": 337.482515757958,
  "lp_time": 0.010577201843261719,
  "lp_status": "Optimal",
  "christofides_cost": 385.74062725789963,
  "christofides_time": 0.0008749961853027344,
  "christofides_status": "success",
  "two_opt_cost": 356.2397325113002,
  "two_opt_time": 0.0001621246337890625,
  "two_opt_iterations": 3,
  "two_opt_status": "success",
  "hybrid_cost": 355.7239678912895,
  "hybrid_total_time": 0.0010068416595458984,
  "hybrid_christofides_time": 0.0008301734924316406,
  "hybrid_2opt_time": 0.0001766681671142578,
  "hybrid_iterations": 4,
  "hybrid_status": "success",
  "reference_value": 337.482515757958,
  "reference_type": "lp",
  "christofides_ratio": 1.1429944048851177,
  "two_opt_ratio": 1.055579817849867,
  "hybrid_ratio": 1.0540515472108611
}