{
  "instance_file": "tsp_n12_s100.json",
  "n": 12,
  "algorithms": {},
  "exact_cost": 306.8890144041242,
  "exact_time": 0.020165443420410156,
  "exact_status": "optimal",
  "lp_value": 306.8890144041242,
  "lp_time": 0.013387680053710938,
  "lp_status": "Optimal",
  "christofides_cost": 328.7542252673131,
  "christofides_time": 0.0007703304290771484,
  "christofides_status": "success",
  "two_opt_cost": 306.8890144041242,
  "two_opt_time": 0.00015926361083984375,
  "two_opt_iterations": 6,
  "two_opt_status": "success",
  "hybrid_cost": 306.8890144041242,
  "hybrid_total_time": 0.0007920265197753906,
  "hybrid_christofides_time": 0.0006909370422363281,
  "hybrid_2opt_time": 0.0001010894775390625,
  "hybrid_iterations": 4,
  "hybrid_status": "success",
  "reference_value": 306.8890144041242,
  "reference_type": "exact",
  "christofides_ratio": 1.0712479425359809,
  "two_opt_ratio": 1.0,
  "hybrid_ratio": 1.0
}