{
  "instance_file": "tsp_n12_s100.json",
  "n": 12,
  "algorithms": {},
  "exact_cost": 306.8890144041242,
  "exact_time": 0.04878950119018555,
  "exact_status": "optimal",
  "lp_value": 286.00256963832425,
  "lp_time": 0.00699925422668457,
  "lp_status": "Optimal",
  "christofides_cost": 328.7542252673131,
  "christofides_time": 0.0016562938690185547,
  "christofides_status": "success",
  "two_opt_cost": 306.8890144041242,
  "two_opt_time": 0.00038743019104003906,
  "two_opt_iterations": 6,
  "two_opt_status": "success",
  "hybrid_cost": 306.8890144041242,
  "hybrid_total_time": 0.0018932819366455078,
  "hybrid_christofides_time": 0.0016484260559082031,
  "hybrid_2opt_time": 0.0002448558807373047,
  "hybrid_iterations": 4,
  "hybrid_status": "success",
  "reference_value": 306.8890144041242,
  "reference_type": "exact",
  "christofides_ratio": 1.0712479425359809,
  "two_opt_ratio": 1.0,
  "hybrid_ratio": 1.0
}