{
  "instance_file": "tsp_n10_s100.json",
  "n": 10,
  "algorithms": {},
  "exact_cost": 299.9832486653448,
  "exact_time": 0.007294416427612305,
  "exact_status": "optimal",
  "lp_value": 279.95479159632254,
  "lp_time": 0.007118940353393555,
  "lp_status": "Optimal",
  "christofides_cost": 329.4064452701658,
  "christofides_time": 0.003432035446166992,
  "christofides_status": "success",
  "two_opt_cost": 299.9832486653448,
  "two_opt_time": 0.000232696533203125,
  "two_opt_iterations": 4,
  "two_opt_status": "success",
  "hybrid_cost": 299.9832486653448,
  "hybrid_total_time": 0.0011925697326660156,
  "hybrid_christofides_time": 0.0010631084442138672,
  "hybrid_2opt_time": 0.00012946128845214844,
  "hybrid_iterations": 3,
  "hybrid_status": "success",
  "reference_value": 299.9832486653448,
  "reference_type": "exact",
  "christofides_ratio": 1.0980827987420223,
  "two_opt_ratio": 1.0,
  "hybrid_ratio": 1.0
}