{
  "instance_file": "tsp_n5_s104.json",
  "n": 5,
  "algorithms": {},
  "exact_cost": 235.333574043974,
  "exact_time": 3.0517578125e-05,
  "exact_status": "optimal",
  "lp_value": 235.333574043974,
  "lp_time": 0.0030105113983154297,
  "lp_status": "Optimal",
  "christofides_cost": 235.333574043974,
  "christofides_time": 0.00029730796813964844,
  "christofides_status": "success",
  "two_opt_cost": 235.333574043974,
  "two_opt_time": 2.3603439331054688e-05,
  "two_opt_iterations": 3,
  "two_opt_status": "success",
  "hybrid_cost": 235.333574043974,
  "hybrid_total_time": 0.000244140625,
  "hybrid_christofides_time": 0.0002372264862060547,
  "hybrid_2opt_time": 6.9141387939453125e-06,
  "hybrid_iterations": 1,
  "hybrid_status": "success",
  "reference_value": 235.333574043974,
  "reference_type": "exact",
  "christofides_ratio": 1.0,
  "two_opt_ratio": 1.0,
  "hybrid_ratio": 1.0
}