{
  "instance_file": "tsp_n8_s100.json",
  "n": 8,
  "algorithms": {},
  "exact_cost": 296.3057699127154,
  "exact_time": 0.002521991729736328,
  "exact_status": "optimal",
  "lp_value": 296.3057699127154,
  "lp_time": 0.012020587921142578,
  "lp_status": "Optimal",
  "christofides_cost": 317.47611089871145,
  "christofides_time": 0.0022940635681152344,
  "christofides_status": "success",
  "two_opt_cost": 296.3057699127154,
  "two_opt_time": 0.0001819133758544922,
  "two_opt_iterations": 2,
  "two_opt_status": "success",
  "hybrid_cost": 296.3057699127154,
  "hybrid_total_time": 0.002214670181274414,
  "hybrid_christofides_time": 0.002073049545288086,
  "hybrid_2opt_time": 0.00014162063598632812,
  "hybrid_iterations": 2,
  "hybrid_status": "success",
  "reference_value": 296.3057699127154,
  "reference_type": "exact",
  "christofides_ratio": 1.0714476164005593,
  "two_opt_ratio": 1.0,
  "hybrid_ratio": 1.0
}