{
  "instance_file": "tsp_n18_s103.json",
  "n": 18,
  "algorithms": {},
  "exact_cost": null,
  "exact_time": null,
  "exact_status": "skipped",
  "lp_value": 310.2705443556083,
  "lp_time": 0.005030393600463867,
  "lp_status": "Optimal",
  "christofides_cost": 394.7391177876949,
  "christofides_time": 0.0013546943664550781,
  "christofides_status": "success",
  "two_opt_cost": 334.3207820225598,
  "two_opt_time": 0.0003418922424316406,
  "two_opt_iterations": 4,
  "two_opt_status": "success",
  "hybrid_cost": 330.03359341645665,
  "hybrid_total_time": 0.0014772415161132812,
  "hybrid_christofides_time": 0.0011072158813476562,
  "hybrid_2opt_time": 0.000370025634765625,
  "hybrid_iterations": 5,
  "hybrid_status": "success",
  "reference_value": 310.2705443556083,
  "reference_type": "lp",
  "christofides_ratio": 1.27224167736424,
  "two_opt_ratio": 1.0775137637280416,
  "hybrid_ratio": 1.063696181994632
}