{
  "instance_file": "tsp_n12_s101.json",
  "n": 12,
  "algorithms": {},
  "exact_cost": 319.35858315952237,
  "exact_time": 0.046211957931518555,
  "exact_status": "optimal",
  "lp_value": 319.35858315952237,
  "lp_time": 0.011587858200073242,
  "lp_status": "Optimal",
  "christofides_cost": 336.142119964511,
  "christofides_time": 0.0010561943054199219,
  "christofides_status": "success",
  "two_opt_cost": 319.35858315952237,
  "two_opt_time": 0.00020694732666015625,
  "two_opt_iterations": 3,
  "two_opt_status": "success",
  "hybrid_cost": 319.35858315952237,
  "hybrid_total_time": 0.0013170242309570312,
  "hybrid_christofides_time": 0.0010814666748046875,
  "hybrid_2opt_time": 0.00023555755615234375,
  "hybrid_iterations": 4,
  "hybrid_status": "success",
  "reference_value": 319.35858315952237,
  "reference_type": "exact",
  "christofides_ratio": 1.0525538929905796,
  "two_opt_ratio": 1.0,
  "hybrid_ratio": 1.0
}