{
  "instance_file": "tsp_n12_s102.json",
  "n": 12,
  "algorithms": {},
  "exact_cost": 259.0883988783682,
  "exact_time": 0.04177069664001465,
  "exact_status": "optimal",
  "lp_value": 259.08839887836825,
  "lp_time": 0.011578083038330078,
  "lp_status": "Optimal",
  "christofides_cost": 285.8408555902448,
  "christofides_time": 0.0014476776123046875,
  "christofides_status": "success",
  "two_opt_cost": 259.08839887836825,
  "two_opt_time": 0.00015020370483398438,
  "two_opt_iterations": 2,
  "two_opt_status": "success",
  "hybrid_cost": 285.8408555902448,
  "hybrid_total_time": 0.0011210441589355469,
  "hybrid_christofides_time": 0.0010564327239990234,
  "hybrid_2opt_time": 6.461143493652344e-05,
  "hybrid_iterations": 1,
  "hybrid_status": "success",
  "reference_value": 259.0883988783682,
  "reference_type": "exact",
  "christofides_ratio": 1.1032560964817102,
  "two_opt_ratio": 1.0000000000000002,
  "hybrid_ratio": 1.1032560964817102
}