{
  "instance_file": "tsp_n15_s103.json",
  "n": 15,
  "algorithms": {},
  "exact_cost": null,
  "exact_time": null,
  "exact_status": "skipped",
  "lp_value": 314.11993041821256,
  "lp_time": 0.04181480407714844,
  "lp_status": "Optimal",
  "christofides_cost": 370.33281173374723,
  "christofides_time": 0.0035889148712158203,
  "christofides_status": "success",
  "two_opt_cost": 314.11993041821256,
  "two_opt_time": 0.0009608268737792969,
  "two_opt_iterations": 4,
  "two_opt_status": "success",
  "hybrid_cost": 329.39809593968187,
  "hybrid_total_time": 0.05521106719970703,
  "hybrid_christofides_time": 0.054691314697265625,
  "hybrid_2opt_time": 0.0005197525024414062,
  "hybrid_iterations": 4,
  "hybrid_status": "success",
  "reference_value": 314.11993041821256,
  "reference_type": "lp",
  "christofides_ratio": 1.1789535647760205,
  "two_opt_ratio": 1.0,
  "hybrid_ratio": 1.048638001100816
}