{
  "instance_file": "tsp_n5_s100.json",
  "n": 5,
  "algorithms": {},
  "exact_cost": 223.6854630454632,
  "exact_time": 2.765655517578125e-05,
  "exact_status": "optimal",
  "lp_value": 223.6854630454632,
  "lp_time": 0.003139495849609375,
  "lp_status": "Optimal",
  "christofides_cost": 223.6854630454632,
  "christofides_time": 0.00032258033752441406,
  "christofides_status": "success",
  "two_opt_cost": 223.6854630454632,
  "two_opt_time": 1.621246337890625e-05,
  "two_opt_iterations": 2,
  "two_opt_status": "success",
  "hybrid_cost": 223.6854630454632,
  "hybrid_total_time": 0.0002148151397705078,
  "hybrid_christofides_time": 0.00020885467529296875,
  "hybrid_2opt_time": 5.9604644775390625e-06,
  "hybrid_iterations": 1,
  "hybrid_status": "success",
  "reference_value": 223.6854630454632,
  "reference_type": "exact",
  "christofides_ratio": 1.0,
  "two_opt_ratio": 1.0,
  "hybrid_ratio": 1.0
}