{
  "instance_file": "tsp_n18_s101.json",
  "n": 18,
  "algorithms": {},
  "exact_cost": null,
  "exact_time": null,
  "exact_status": "skipped",
  "lp_value": 367.41129502728035,
  "lp_time": 0.008216381072998047,
  "lp_status": "Optimal",
  "christofides_cost": 444.6177779159406,
  "christofides_time": 0.002962350845336914,
  "christofides_status": "success",
  "two_opt_cost": 386.7130552888364,
  "two_opt_time": 0.0005288124084472656,
  "two_opt_iterations": 3,
  "two_opt_status": "success",
  "hybrid_cost": 400.17764236069945,
  "hybrid_total_time": 0.003552675247192383,
  "hybrid_christofides_time": 0.0030007362365722656,
  "hybrid_2opt_time": 0.0005519390106201172,
  "hybrid_iterations": 4,
  "hybrid_status": "success",
  "reference_value": 367.41129502728035,
  "reference_type": "lp",
  "christofides_ratio": 1.2101363892009027,
  "two_opt_ratio": 1.0525344770909204,
  "hybrid_ratio": 1.0891816549379252
}