{
  "instance_file": "tsp_n20_s102.json",
  "n": 20,
  "algorithms": {},
  "exact_cost": null,
  "exact_time": null,
  "exact_status": "skipped",
  "lp_value": 309.957200527244,
  "lp_time": 0.0051648616790771484,
  "lp_status": "Optimal",
  "christofides_cost": 314.037936912086,
  "christofides_time": 0.001169443130493164,
  "christofides_status": "success",
  "two_opt_cost": 315.37059924221694,
  "two_opt_time": 0.0003142356872558594,
  "two_opt_iterations": 4,
  "two_opt_status": "success",
  "hybrid_cost": 311.6558034105807,
  "hybrid_total_time": 0.0011715888977050781,
  "hybrid_christofides_time": 0.0010106563568115234,
  "hybrid_2opt_time": 0.0001609325408935547,
  "hybrid_iterations": 2,
  "hybrid_status": "success",
  "reference_value": 309.957200527244,
  "reference_type": "lp",
  "christofides_ratio": 1.0131654834212613,
  "two_opt_ratio": 1.0174649877652935,
  "hybrid_ratio": 1.0054801207406936
}