{
  "instance_file": "tsp_n18_s100.json",
  "n": 18,
  "algorithms": {},
  "exact_cost": null,
  "exact_time": null,
  "exact_status": "skipped",
  "lp_value": 342.92050827146977,
  "lp_time": 0.004693746566772461,
  "lp_status": "Optimal",
  "christofides_cost": 374.66937557210616,
  "christofides_time": 0.0008141994476318359,
  "christofides_status": "success",
  "two_opt_cost": 371.21195738858614,
  "two_opt_time": 0.00014829635620117188,
  "two_opt_iterations": 2,
  "two_opt_status": "success",
  "hybrid_cost": 371.21195738858614,
  "hybrid_total_time": 0.0007686614990234375,
  "hybrid_christofides_time": 0.0006453990936279297,
  "hybrid_2opt_time": 0.0001232624053955078,
  "hybrid_iterations": 2,
  "hybrid_status": "success",
  "reference_value": 342.92050827146977,
  "reference_type": "lp",
  "christofides_ratio": 1.092583752020753,
  "two_opt_ratio": 1.0825014790154217,
  "hybrid_ratio": 1.0825014790154217
}