{
  "instance_file": "tsp_n5_s101.json",
  "n": 5,
  "algorithms": {},
  "exact_cost": 259.5468217311314,
  "exact_time": 0.00010156631469726562,
  "exact_status": "optimal",
  "lp_value": 259.54682173113144,
  "lp_time": 0.0072290897369384766,
  "lp_status": "Optimal",
  "christofides_cost": 283.6161485299778,
  "christofides_time": 0.0010280609130859375,
  "christofides_status": "success",
  "two_opt_cost": 259.54682173113144,
  "two_opt_time": 4.696846008300781e-05,
  "two_opt_iterations": 1,
  "two_opt_status": "success",
  "hybrid_cost": 259.5468217311314,
  "hybrid_total_time": 0.0009756088256835938,
  "hybrid_christofides_time": 0.0009267330169677734,
  "hybrid_2opt_time": 4.887580871582031e-05,
  "hybrid_iterations": 2,
  "hybrid_status": "success",
  "reference_value": 259.5468217311314,
  "reference_type": "exact",
  "christofides_ratio": 1.0927359720234995,
  "two_opt_ratio": 1.0000000000000002,
  "hybrid_ratio": 1.0
}