{
  "instance_file": "tsp_n8_s104.json",
  "n": 8,
  "algorithms": {},
  "exact_cost": 262.27060687063727,
  "exact_time": 0.0025010108947753906,
  "exact_status": "optimal",
  "lp_value": 262.2706068706373,
  "lp_time": 0.034998416900634766,
  "lp_status": "Optimal",
  "christofides_cost": 287.0830976933116,
  "christofides_time": 0.0030372142791748047,
  "christofides_status": "success",
  "two_opt_cost": 262.27060687063727,
  "two_opt_time": 0.0002791881561279297,
  "two_opt_iterations": 3,
  "two_opt_status": "success",
  "hybrid_cost": 262.27060687063727,
  "hybrid_total_time": 0.0030324459075927734,
  "hybrid_christofides_time": 0.0027861595153808594,
  "hybrid_2opt_time": 0.00024628639221191406,
  "hybrid_iterations": 3,
  "hybrid_status": "success",
  "reference_value": 262.27060687063727,
  "reference_type": "exact",
  "christofides_ratio": 1.0946064491127396,
  "two_opt_ratio": 1.0,
  "hybrid_ratio": 1.0
}