{
  "instance_file": "tsp_n5_s101.json",
  "n": 5,
  "algorithms": {},
  "exact_cost": 259.5468217311314,
  "exact_time": 2.6702880859375e-05,
  "exact_status": "optimal",
  "lp_value": 259.54682173113144,
  "lp_time": 0.0020895004272460938,
  "lp_status": "Optimal",
  "christofides_cost": 283.6161485299778,
  "christofides_time": 0.00035452842712402344,
  "christofides_status": "success",
  "two_opt_cost": 259.54682173113144,
  "two_opt_time": 1.0967254638671875e-05,
  "two_opt_iterations": 1,
  "two_opt_status": "success",
  "hybrid_cost": 259.5468217311314,
  "hybrid_total_time": 0.00023031234741210938,
  "hybrid_christofides_time": 0.0002193450927734375,
  "hybrid_2opt_time": 1.0967254638671875e-05,
  "hybrid_iterations": 2,
  "hybrid_status": "success",
  "reference_value": 259.5468217311314,
  "reference_type": "exact",
  "christofides_ratio": 1.0927359720234995,
  "two_opt_ratio": 1.0000000000000002,
  "hybrid_ratio": 1.0
}