{
  "instance_file": "tsp_n20_s104.json",
  "n": 20,
  "algorithms": {},
  "exact_cost": null,
  "exact_time": null,
  "exact_status": "skipped",
  "lp_value": 337.5990102221548,
  "lp_time": 0.008778572082519531,
  "lp_status": "Optimal",
  "christofides_cost": 423.62726467625157,
  "christofides_time": 0.0031197071075439453,
  "christofides_status": "success",
  "two_opt_cost": 388.91039270558764,
  "two_opt_time": 0.0010945796966552734,
  "two_opt_iterations": 6,
  "two_opt_status": "success",
  "hybrid_cost": 387.77898020352217,
  "hybrid_total_time": 0.004281044006347656,
  "hybrid_christofides_time": 0.0032880306243896484,
  "hybrid_2opt_time": 0.0009930133819580078,
  "hybrid_iterations": 6,
  "hybrid_status": "success",
  "reference_value": 337.5990102221548,
  "reference_type": "lp",
  "christofides_ratio": 1.254823775690238,
  "two_opt_ratio": 1.151989137792992,
  "hybrid_ratio": 1.1486377876177623
}