{
  "instance_file": "tsp_n5_s100.json",
  "n": 5,
  "algorithms": {},
  "exact_cost": 223.6854630454632,
  "exact_time": 6.365776062011719e-05,
  "exact_status": "optimal",
  "lp_value": 223.6854630454632,
  "lp_time": 0.0053555965423583984,
  "lp_status": "Optimal",
  "christofides_cost": 223.6854630454632,
  "christofides_time": 0.0009744167327880859,
  "christofides_status": "success",
  "two_opt_cost": 223.6854630454632,
  "two_opt_time": 5.91278076171875e-05,
  "two_opt_iterations": 2,
  "two_opt_status": "success",
  "hybrid_cost": 223.6854630454632,
  "hybrid_total_time": 0.0008082389831542969,
  "hybrid_christofides_time": 0.00078582763671875,
  "hybrid_2opt_time": 2.2411346435546875e-05,
  "hybrid_iterations": 1,
  "hybrid_status": "success",
  "reference_value": 223.6854630454632,
  "reference_type": "exact",
  "christofides_ratio": 1.0,
  "two_opt_ratio": 1.0,
  "hybrid_ratio": 1.0
}