{
  "instance_file": "tsp_n20_s102.json",
  "n": 20,
  "algorithms": {},
  "exact_cost": null,
  "exact_time": null,
  "exact_status": "skipped",
  "lp_value": 309.957200527244,
  "lp_time": 0.010522127151489258,
  "lp_status": "Optimal",
  "christofides_cost": 314.037936912086,
  "christofides_time": 0.002433300018310547,
  "christofides_status": "success",
  "two_opt_cost": 315.37059924221694,
  "two_opt_time": 0.0008053779602050781,
  "two_opt_iterations": 4,
  "two_opt_status": "success",
  "hybrid_cost": 311.6558034105807,
  "hybrid_total_time": 0.002614259719848633,
  "hybrid_christofides_time": 0.002280712127685547,
  "hybrid_2opt_time": 0.00033354759216308594,
  "hybrid_iterations": 2,
  "hybrid_status": "success",
  "reference_value": 309.957200527244,
  "reference_type": "lp",
  "christofides_ratio": 1.0131654834212613,
  "two_opt_ratio": 1.0174649877652935,
  "hybrid_ratio": 1.0054801207406936
}