{
  "instance_file": "tsp_n18_s100.json",
  "n": 18,
  "algorithms": {},
  "exact_cost": null,
  "exact_time": null,
  "exact_status": "skipped",
  "lp_value": 342.92050827146977,
  "lp_time": 0.010753870010375977,
  "lp_status": "Optimal",
  "christofides_cost": 374.66937557210616,
  "christofides_time": 0.0017409324645996094,
  "christofides_status": "success",
  "two_opt_cost": 371.21195738858614,
  "two_opt_time": 0.0003807544708251953,
  "two_opt_iterations": 2,
  "two_opt_status": "success",
  "hybrid_cost": 371.21195738858614,
  "hybrid_total_time": 0.001971721649169922,
  "hybrid_christofides_time": 0.0016734600067138672,
  "hybrid_2opt_time": 0.0002982616424560547,
  "hybrid_iterations": 2,
  "hybrid_status": "success",
  "reference_value": 342.92050827146977,
  "reference_type": "lp",
  "christofides_ratio": 1.092583752020753,
  "two_opt_ratio": 1.0825014790154217,
  "hybrid_ratio": 1.0825014790154217
}