{
  "instance_file": "tsp_n5_s104.json",
  "n": 5,
  "algorithms": {},
  "exact_cost": 235.333574043974,
  "exact_time": 0.0001392364501953125,
  "exact_status": "optimal",
  "lp_value": 235.333574043974,
  "lp_time": 0.010872840881347656,
  "lp_status": "Optimal",
  "christofides_cost": 235.333574043974,
  "christofides_time": 0.001520395278930664,
  "christofides_status": "success",
  "two_opt_cost": 235.333574043974,
  "two_opt_time": 0.00011610984802246094,
  "two_opt_iterations": 3,
  "two_opt_status": "success",
  "hybrid_cost": 235.333574043974,
  "hybrid_total_time": 0.002251863479614258,
  "hybrid_christofides_time": 0.0022161006927490234,
  "hybrid_2opt_time": 3.5762786865234375e-05,
  "hybrid_iterations": 1,
  "hybrid_status": "success",
  "reference_value": 235.333574043974,
  "reference_type": "exact",
  "christofides_ratio": 1.0,
  "two_opt_ratio": 1.0,
  "hybrid_ratio": 1.0
}