{
  "instance_file": "tsp_n18_s104.json",
  "n": 18,
  "algorithms": {},
  "exact_cost": null,
  "exact_time": null,
  "exact_status": "skipped",
  "lp_value": 315.3247734121547,
  "lp_time": 0.01442861557006836,
  "lp_status": "Optimal",
  "christofides_cost": 397.6076167270793,
  "christofides_time": 0.0034270286560058594,
  "christofides_status": "success",
  "two_opt_cost": 365.50474339352206,
  "two_opt_time": 0.0011968612670898438,
  "two_opt_iterations": 6,
  "two_opt_status": "success",
  "hybrid_cost": 365.50474339352206,
  "hybrid_total_time": 0.003671884536743164,
  "hybrid_christofides_time": 0.002835512161254883,
  "hybrid_2opt_time": 0.0008363723754882812,
  "hybrid_iterations": 5,
  "hybrid_status": "success",
  "reference_value": 315.3247734121547,
  "reference_type": "lp",
  "christofides_ratio": 1.2609463329650106,
  "two_opt_ratio": 1.159137417077529,
  "hybrid_ratio": 1.159137417077529
}