{
  "instance_file": "tsp_n8_s102.json",
  "n": 8,
  "algorithms": {},
  "exact_cost": 207.2026081379147,
  "exact_time": 0.0010194778442382812,
  "exact_status": "optimal",
  "lp_value": 207.20260813791472,
  "lp_time": 0.0057942867279052734,
  "lp_status": "Optimal",
  "christofides_cost": 207.2026081379147,
  "christofides_time": 0.0006251335144042969,
  "christofides_status": "success",
  "two_opt_cost": 207.20260813791472,
  "two_opt_time": 4.124641418457031e-05,
  "two_opt_iterations": 1,
  "two_opt_status": "success",
  "hybrid_cost": 207.2026081379147,
  "hybrid_total_time": 0.0004723072052001953,
  "hybrid_christofides_time": 0.00044655799865722656,
  "hybrid_2opt_time": 2.574920654296875e-05,
  "hybrid_iterations": 1,
  "hybrid_status": "success",
  "reference_value": 207.2026081379147,
  "reference_type": "exact",
  "christofides_ratio": 1.0,
  "two_opt_ratio": 1.0000000000000002,
  "hybrid_ratio": 1.0
}