{
  "instance_file": "tsp_n10_s103.json",
  "n": 10,
  "algorithms": {},
  "exact_cost": 268.04214586794313,
  "exact_time": 0.011272192001342773,
  "exact_status": "optimal",
  "lp_value": 268.0421458679432,
  "lp_time": 0.013908624649047852,
  "lp_status": "Optimal",
  "christofides_cost": 320.0183468127671,
  "christofides_time": 0.001482248306274414,
  "christofides_status": "success",
  "two_opt_cost": 268.04214586794313,
  "two_opt_time": 0.0001838207244873047,
  "two_opt_iterations": 2,
  "two_opt_status": "success",
  "hybrid_cost": 268.04214586794313,
  "hybrid_total_time": 0.001516103744506836,
  "hybrid_christofides_time": 0.0013082027435302734,
  "hybrid_2opt_time": 0.0002079010009765625,
  "hybrid_iterations": 3,
  "hybrid_status": "success",
  "reference_value": 268.04214586794313,
  "reference_type": "exact",
  "christofides_ratio": 1.193910553791907,
  "two_opt_ratio": 1.0,
  "hybrid_ratio": 1.0
}