{
  "instance_file": "tsp_n8_s103.json",
  "n": 8,
  "algorithms": {},
  "exact_cost": 265.24947230136837,
  "exact_time": 0.0013284683227539062,
  "exact_status": "optimal",
  "lp_value": 265.2494723013684,
  "lp_time": 0.009830951690673828,
  "lp_status": "Optimal",
  "christofides_cost": 265.24947230136837,
  "christofides_time": 0.0010662078857421875,
  "christofides_status": "success",
  "two_opt_cost": 265.24947230136837,
  "two_opt_time": 7.843971252441406e-05,
  "two_opt_iterations": 2,
  "two_opt_status": "success",
  "hybrid_cost": 265.24947230136837,
  "hybrid_total_time": 0.0009524822235107422,
  "hybrid_christofides_time": 0.0009195804595947266,
  "hybrid_2opt_time": 3.2901763916015625e-05,
  "hybrid_iterations": 1,
  "hybrid_status": "success",
  "reference_value": 265.24947230136837,
  "reference_type": "exact",
  "christofides_ratio": 1.0,
  "two_opt_ratio": 1.0,
  "hybrid_ratio": 1.0
}