{
  "instance_file": "tsp_n10_s104.json",
  "n": 10,
  "algorithms": {},
  "exact_cost": 263.1695009268855,
  "exact_time": 0.010042905807495117,
  "exact_status": "optimal",
  "lp_value": 263.1695009268855,
  "lp_time": 0.012956619262695312,
  "lp_status": "Optimal",
  "christofides_cost": 287.9819917495598,
  "christofides_time": 0.0023038387298583984,
  "christofides_status": "success",
  "two_opt_cost": 263.1695009268855,
  "two_opt_time": 0.0002827644348144531,
  "two_opt_iterations": 3,
  "two_opt_status": "success",
  "hybrid_cost": 263.1695009268855,
  "hybrid_total_time": 0.002313852310180664,
  "hybrid_christofides_time": 0.0021021366119384766,
  "hybrid_2opt_time": 0.0002117156982421875,
  "hybrid_iterations": 3,
  "hybrid_status": "success",
  "reference_value": 263.1695009268855,
  "reference_type": "exact",
  "christofides_ratio": 1.0942833069002467,
  "two_opt_ratio": 1.0,
  "hybrid_ratio": 1.0
}