{
  "instance_file": "tsp_n12_s102.json",
  "n": 12,
  "algorithms": {},
  "exact_cost": 259.0883988783682,
  "exact_time": 0.018805503845214844,
  "exact_status": "optimal",
  "lp_value": 259.08839887836825,
  "lp_time": 0.0063703060150146484,
  "lp_status": "Optimal",
  "christofides_cost": 285.8408555902448,
  "christofides_time": 0.0007112026214599609,
  "christofides_status": "success",
  "two_opt_cost": 259.08839887836825,
  "two_opt_time": 6.914138793945312e-05,
  "two_opt_iterations": 2,
  "two_opt_status": "success",
  "hybrid_cost": 285.8408555902448,
  "hybrid_total_time": 0.0005288124084472656,
  "hybrid_christofides_time": 0.0005006790161132812,
  "hybrid_2opt_time": 2.8133392333984375e-05,
  "hybrid_iterations": 1,
  "hybrid_status": "success",
  "reference_value": 259.0883988783682,
  "reference_type": "exact",
  "christofides_ratio": 1.1032560964817102,
  "two_opt_ratio": 1.0000000000000002,
  "hybrid_ratio": 1.1032560964817102
}