{
  "instance_file": "tsp_n18_s102.json",
  "n": 18,
  "algorithms": {},
  "exact_cost": null,
  "exact_time": null,
  "exact_status": "skipped",
  "lp_value": 286.4060363875852,
  "lp_time": 0.008312463760375977,
  "lp_status": "Optimal",
  "christofides_cost": 327.00289369412826,
  "christofides_time": 0.0018532276153564453,
  "christofides_status": "success",
  "two_opt_cost": 302.2893233752854,
  "two_opt_time": 0.00045561790466308594,
  "two_opt_iterations": 3,
  "two_opt_status": "success",
  "hybrid_cost": 302.28932337528533,
  "hybrid_total_time": 0.0020780563354492188,
  "hybrid_christofides_time": 0.0016791820526123047,
  "hybrid_2opt_time": 0.00039887428283691406,
  "hybrid_iterations": 3,
  "hybrid_status": "success",
  "reference_value": 286.4060363875852,
  "reference_type": "lp",
  "christofides_ratio": 1.1417458159003482,
  "two_opt_ratio": 1.0554572354271397,
  "hybrid_ratio": 1.0554572354271394
}