{
  "instance_file": "tsp_n10_s102.json",
  "n": 10,
  "algorithms": {},
  "exact_cost": 233.4095617176507,
  "exact_time": 0.007387638092041016,
  "exact_status": "optimal",
  "lp_value": 233.40956171765072,
  "lp_time": 0.012789726257324219,
  "lp_status": "Optimal",
  "christofides_cost": 255.90031715082844,
  "christofides_time": 0.0010695457458496094,
  "christofides_status": "success",
  "two_opt_cost": 233.40956171765072,
  "two_opt_time": 8.726119995117188e-05,
  "two_opt_iterations": 1,
  "two_opt_status": "success",
  "hybrid_cost": 233.4095617176507,
  "hybrid_total_time": 0.0011219978332519531,
  "hybrid_christofides_time": 0.0009615421295166016,
  "hybrid_2opt_time": 0.00016045570373535156,
  "hybrid_iterations": 3,
  "hybrid_status": "success",
  "reference_value": 233.4095617176507,
  "reference_type": "exact",
  "christofides_ratio": 1.0963574725374114,
  "two_opt_ratio": 1.0000000000000002,
  "hybrid_ratio": 1.0
}