{
  "instance_file": "tsp_n8_s102.json",
  "n": 8,
  "algorithms": {},
  "exact_cost": 207.2026081379147,
  "exact_time": 0.0024824142456054688,
  "exact_status": "optimal",
  "lp_value": 207.20260813791472,
  "lp_time": 0.010956525802612305,
  "lp_status": "Optimal",
  "christofides_cost": 207.2026081379147,
  "christofides_time": 0.0020596981048583984,
  "christofides_status": "success",
  "two_opt_cost": 207.20260813791472,
  "two_opt_time": 0.00011849403381347656,
  "two_opt_iterations": 1,
  "two_opt_status": "success",
  "hybrid_cost": 207.2026081379147,
  "hybrid_total_time": 0.0026047229766845703,
  "hybrid_christofides_time": 0.0025162696838378906,
  "hybrid_2opt_time": 8.845329284667969e-05,
  "hybrid_iterations": 1,
  "hybrid_status": "success",
  "reference_value": 207.2026081379147,
  "reference_type": "exact",
  "christofides_ratio": 1.0,
  "two_opt_ratio": 1.0000000000000002,
  "hybrid_ratio": 1.0
}