{
  "instance_file": "tsp_n5_s103.json",
  "n": 5,
  "algorithms": {},
  "exact_cost": 217.75419797683645,
  "exact_time": 0.0001423358917236328,
  "exact_status": "optimal",
  "lp_value": 217.75419797683645,
  "lp_time": 0.00953364372253418,
  "lp_status": "Optimal",
  "christofides_cost": 217.75419797683645,
  "christofides_time": 0.0014417171478271484,
  "christofides_status": "success",
  "two_opt_cost": 217.75419797683645,
  "two_opt_time": 0.00012350082397460938,
  "two_opt_iterations": 2,
  "two_opt_status": "success",
  "hybrid_cost": 217.75419797683645,
  "hybrid_total_time": 0.0012516975402832031,
  "hybrid_christofides_time": 0.0012135505676269531,
  "hybrid_2opt_time": 3.814697265625e-05,
  "hybrid_iterations": 1,
  "hybrid_status": "success",
  "reference_value": 217.75419797683645,
  "reference_type": "exact",
  "christofides_ratio": 1.0,
  "two_opt_ratio": 1.0,
  "hybrid_ratio": 1.0
}