{
  "instance_file": "tsp_n12_s104.json",
  "n": 12,
  "algorithms": {},
  "exact_cost": 275.4996501945878,
  "exact_time": 0.018474578857421875,
  "exact_status": "optimal",
  "lp_value": 275.4996501945878,
  "lp_time": 0.006750345230102539,
  "lp_status": "Optimal",
  "christofides_cost": 275.4996501945878,
  "christofides_time": 0.0005972385406494141,
  "christofides_status": "success",
  "two_opt_cost": 275.49965019458784,
  "two_opt_time": 9.393692016601562e-05,
  "two_opt_iterations": 3,
  "two_opt_status": "success",
  "hybrid_cost": 275.4996501945878,
  "hybrid_total_time": 0.0003859996795654297,
  "hybrid_christofides_time": 0.0003590583801269531,
  "hybrid_2opt_time": 2.6941299438476562e-05,
  "hybrid_iterations": 1,
  "hybrid_status": "success",
  "reference_value": 275.4996501945878,
  "reference_type": "exact",
  "christofides_ratio": 1.0,
  "two_opt_ratio": 1.0000000000000002,
  "hybrid_ratio": 1.0
}