{
  "instance_file": "tsp_n15_s102.json",
  "n": 15,
  "algorithms": {},
  "exact_cost": null,
  "exact_time": null,
  "exact_status": "skipped",
  "lp_value": 280.41798284202144,
  "lp_time": 0.028811216354370117,
  "lp_status": "Optimal",
  "christofides_cost": 308.20407901824024,
  "christofides_time": 0.0032596588134765625,
  "christofides_status": "success",
  "two_opt_cost": 284.16066930580666,
  "two_opt_time": 0.0005643367767333984,
  "two_opt_iterations": 2,
  "two_opt_status": "success",
  "hybrid_cost": 284.1606693058067,
  "hybrid_total_time": 0.003936767578125,
  "hybrid_christofides_time": 0.0030357837677001953,
  "hybrid_2opt_time": 0.0009009838104248047,
  "hybrid_iterations": 4,
  "hybrid_status": "success",
  "reference_value": 280.41798284202144,
  "reference_type": "lp",
  "christofides_ratio": 1.0990881394074952,
  "two_opt_ratio": 1.0133468133029604,
  "hybrid_ratio": 1.0133468133029606
}