{
  "instance_file": "tsp_n5_s103.json",
  "n": 5,
  "algorithms": {},
  "exact_cost": 217.75419797683645,
  "exact_time": 3.4809112548828125e-05,
  "exact_status": "optimal",
  "lp_value": 217.75419797683645,
  "lp_time": 0.0031058788299560547,
  "lp_status": "Optimal",
  "christofides_cost": 217.75419797683645,
  "christofides_time": 0.0003600120544433594,
  "christofides_status": "success",
  "two_opt_cost": 217.75419797683645,
  "two_opt_time": 1.811981201171875e-05,
  "two_opt_iterations": 2,
  "two_opt_status": "success",
  "hybrid_cost": 217.75419797683645,
  "hybrid_total_time": 0.00022268295288085938,
  "hybrid_christofides_time": 0.0002167224884033203,
  "hybrid_2opt_time": 5.9604644775390625e-06,
  "hybrid_iterations": 1,
  "hybrid_status": "success",
  "reference_value": 217.75419797683645,
  "reference_type": "exact",
  "christofides_ratio": 1.0,
  "two_opt_ratio": 1.0,
  "hybrid_ratio": 1.0
}