{
  "instance_file": "tsp_n12_s103.json",
  "n": 12,
  "algorithms": {},
  "exact_cost": 275.7754995186553,
  "exact_time": 0.04552316665649414,
  "exact_status": "optimal",
  "lp_value": 275.7754995186553,
  "lp_time": 0.011758089065551758,
  "lp_status": "Optimal",
  "christofides_cost": 328.8934967667508,
  "christofides_time": 0.001207590103149414,
  "christofides_status": "success",
  "two_opt_cost": 275.7754995186553,
  "two_opt_time": 0.00016188621520996094,
  "two_opt_iterations": 2,
  "two_opt_status": "success",
  "hybrid_cost": 275.7754995186553,
  "hybrid_total_time": 0.0011301040649414062,
  "hybrid_christofides_time": 0.0008971691131591797,
  "hybrid_2opt_time": 0.00023293495178222656,
  "hybrid_iterations": 4,
  "hybrid_status": "success",
  "reference_value": 275.7754995186553,
  "reference_type": "exact",
  "christofides_ratio": 1.1926131847854824,
  "two_opt_ratio": 1.0,
  "hybrid_ratio": 1.0
}