{
  "instance_file": "tsp_n18_s103.json",
  "n": 18,
  "algorithms": {},
  "exact_cost": null,
  "exact_time": null,
  "exact_status": "skipped",
  "lp_value": 310.2705443556083,
  "lp_time": 0.009403228759765625,
  "lp_status": "Optimal",
  "christofides_cost": 394.7391177876949,
  "christofides_time": 0.0029306411743164062,
  "christofides_status": "success",
  "two_opt_cost": 334.3207820225598,
  "two_opt_time": 0.0007860660552978516,
  "two_opt_iterations": 4,
  "two_opt_status": "success",
  "hybrid_cost": 330.03359341645665,
  "hybrid_total_time": 0.003831624984741211,
  "hybrid_christofides_time": 0.0027866363525390625,
  "hybrid_2opt_time": 0.0010449886322021484,
  "hybrid_iterations": 5,
  "hybrid_status": "success",
  "reference_value": 310.2705443556083,
  "reference_type": "lp",
  "christofides_ratio": 1.27224167736424,
  "two_opt_ratio": 1.0775137637280416,
  "hybrid_ratio": 1.063696181994632
}