{
  "instance_file": "tsp_n10_s101.json",
  "n": 10,
  "algorithms": {},
  "exact_cost": 309.71929076292594,
  "exact_time": 0.007318019866943359,
  "exact_status": "optimal",
  "lp_value": 309.71929076292594,
  "lp_time": 0.01715707778930664,
  "lp_status": "Optimal",
  "christofides_cost": 317.40252154002894,
  "christofides_time": 0.0010225772857666016,
  "christofides_status": "success",
  "two_opt_cost": 309.71929076292594,
  "two_opt_time": 0.0001533031463623047,
  "two_opt_iterations": 3,
  "two_opt_status": "success",
  "hybrid_cost": 309.71929076292594,
  "hybrid_total_time": 0.0009226799011230469,
  "hybrid_christofides_time": 0.0008363723754882812,
  "hybrid_2opt_time": 8.630752563476562e-05,
  "hybrid_iterations": 2,
  "hybrid_status": "success",
  "reference_value": 309.71929076292594,
  "reference_type": "exact",
  "christofides_ratio": 1.0248070785587073,
  "two_opt_ratio": 1.0,
  "hybrid_ratio": 1.0
}