{
  "instance_file": "tsp_n20_s100.json",
  "n": 20,
  "algorithms": {},
  "exact_cost": null,
  "exact_time": null,
  "exact_status": "skipped",
  "lp_value": 395.65788912890423,
  "lp_time": 0.004776477813720703,
  "lp_status": "Optimal",
  "christofides_cost": 399.05956240628615,
  "christofides_time": 0.0008645057678222656,
  "christofides_status": "success",
  "two_opt_cost": 399.05956240628615,
  "two_opt_time": 0.0004329681396484375,
  "two_opt_iterations": 6,
  "two_opt_status": "success",
  "hybrid_cost": 399.05956240628615,
  "hybrid_total_time": 0.0007936954498291016,
  "hybrid_christofides_time": 0.0007240772247314453,
  "hybrid_2opt_time": 6.961822509765625e-05,
  "hybrid_iterations": 1,
  "hybrid_status": "success",
  "reference_value": 395.65788912890423,
  "reference_type": "lp",
  "christofides_ratio": 1.0085975115645265,
  "two_opt_ratio": 1.0085975115645265,
  "hybrid_ratio": 1.0085975115645265
}