{
  "instance_file": "tsp_n10_s104.json",
  "n": 10,
  "algorithms": {},
  "exact_cost": 263.1695009268855,
  "exact_time": 0.003332376480102539,
  "exact_status": "optimal",
  "lp_value": 263.1695009268855,
  "lp_time": 0.006520271301269531,
  "lp_status": "Optimal",
  "christofides_cost": 287.9819917495598,
  "christofides_time": 0.0005991458892822266,
  "christofides_status": "success",
  "two_opt_cost": 263.1695009268855,
  "two_opt_time": 7.081031799316406e-05,
  "two_opt_iterations": 3,
  "two_opt_status": "success",
  "hybrid_cost": 263.1695009268855,
  "hybrid_total_time": 0.0006837844848632812,
  "hybrid_christofides_time": 0.0006296634674072266,
  "hybrid_2opt_time": 5.412101745605469e-05,
  "hybrid_iterations": 3,
  "hybrid_status": "success",
  "reference_value": 263.1695009268855,
  "reference_type": "exact",
  "christofides_ratio": 1.0942833069002467,
  "two_opt_ratio": 1.0,
  "hybrid_ratio": 1.0
}