{
  "instance_file": "tsp_n5_s102.json",
  "n": 5,
  "algorithms": {},
  "exact_cost": 142.7823814343341,
  "exact_time": 0.00010824203491210938,
  "exact_status": "optimal",
  "lp_value": 142.7823814343341,
  "lp_time": 0.007953166961669922,
  "lp_status": "Optimal",
  "christofides_cost": 149.62265581859947,
  "christofides_time": 0.0012145042419433594,
  "christofides_status": "success",
  "two_opt_cost": 142.7823814343341,
  "two_opt_time": 9.393692016601562e-05,
  "two_opt_iterations": 2,
  "two_opt_status": "success",
  "hybrid_cost": 142.7823814343341,
  "hybrid_total_time": 0.0010688304901123047,
  "hybrid_christofides_time": 0.0010037422180175781,
  "hybrid_2opt_time": 6.508827209472656e-05,
  "hybrid_iterations": 2,
  "hybrid_status": "success",
  "reference_value": 142.7823814343341,
  "reference_type": "exact",
  "christofides_ratio": 1.047906991853972,
  "two_opt_ratio": 1.0,
  "hybrid_ratio": 1.0
}