{
  "instance_file": "tsp_n8_s101.json",
  "n": 8,
  "algorithms": {},
  "exact_cost": 308.4994286633125,
  "exact_time": 0.0008208751678466797,
  "exact_status": "optimal",
  "lp_value": 308.49942866331253,
  "lp_time": 0.008500337600708008,
  "lp_status": "Optimal",
  "christofides_cost": 315.82849567060094,
  "christofides_time": 0.0007224082946777344,
  "christofides_status": "success",
  "two_opt_cost": 308.4994286633125,
  "two_opt_time": 0.00010037422180175781,
  "two_opt_iterations": 3,
  "two_opt_status": "success",
  "hybrid_cost": 308.49942866331253,
  "hybrid_total_time": 0.0006799697875976562,
  "hybrid_christofides_time": 0.0006237030029296875,
  "hybrid_2opt_time": 5.626678466796875e-05,
  "hybrid_iterations": 2,
  "hybrid_status": "success",
  "reference_value": 308.4994286633125,
  "reference_type": "exact",
  "christofides_ratio": 1.0237571493699174,
  "two_opt_ratio": 1.0,
  "hybrid_ratio": 1.0000000000000002
}