{
  "instance_file": "tsp_n12_s104.json",
  "n": 12,
  "algorithms": {},
  "exact_cost": 275.4996501945878,
  "exact_time": 0.04205012321472168,
  "exact_status": "optimal",
  "lp_value": 275.4996501945878,
  "lp_time": 0.01224207878112793,
  "lp_status": "Optimal",
  "christofides_cost": 275.4996501945878,
  "christofides_time": 0.001218557357788086,
  "christofides_status": "success",
  "two_opt_cost": 275.49965019458784,
  "two_opt_time": 0.00021982192993164062,
  "two_opt_iterations": 3,
  "two_opt_status": "success",
  "hybrid_cost": 275.4996501945878,
  "hybrid_total_time": 0.0009281635284423828,
  "hybrid_christofides_time": 0.0008573532104492188,
  "hybrid_2opt_time": 7.081031799316406e-05,
  "hybrid_iterations": 1,
  "hybrid_status": "success",
  "reference_value": 275.4996501945878,
  "reference_type": "exact",
  "christofides_ratio": 1.0,
  "two_opt_ratio": 1.0000000000000002,
  "hybrid_ratio": 1.0
}