{
  "instance_file": "tsp_n20_s101.json",
  "n": 20,
  "algorithms": {},
  "exact_cost": null,
  "exact_time": null,
  "exact_status": "skipped",
  "lp_value": 371.4602460470003,
  "lp_time": 0.00536799430847168,
  "lp_status": "Optimal",
  "christofides_cost": 430.77904224353256,
  "christofides_time": 0.0013613700866699219,
  "christofides_status": "success",
  "two_opt_cost": 389.23527650717944,
  "two_opt_time": 0.0002429485321044922,
  "two_opt_iterations": 3,
  "two_opt_status": "success",
  "hybrid_cost": 402.69986357904236,
  "hybrid_total_time": 0.0017075538635253906,
  "hybrid_christofides_time": 0.0013437271118164062,
  "hybrid_2opt_time": 0.0003638267517089844,
  "hybrid_iterations": 5,
  "hybrid_status": "success",
  "reference_value": 371.4602460470003,
  "reference_type": "lp",
  "christofides_ratio": 1.1596908332124098,
  "two_opt_ratio": 1.047851770544324,
  "hybrid_ratio": 1.0840994907651285
}