{
  "instance_file": "tsp_n12_s101.json",
  "n": 12,
  "algorithms": {},
  "exact_cost": 319.35858315952237,
  "exact_time": 0.020949840545654297,
  "exact_status": "optimal",
  "lp_value": 319.35858315952237,
  "lp_time": 0.006648540496826172,
  "lp_status": "Optimal",
  "christofides_cost": 336.142119964511,
  "christofides_time": 0.0005090236663818359,
  "christofides_status": "success",
  "two_opt_cost": 319.35858315952237,
  "two_opt_time": 8.940696716308594e-05,
  "two_opt_iterations": 3,
  "two_opt_status": "success",
  "hybrid_cost": 319.35858315952237,
  "hybrid_total_time": 0.0005855560302734375,
  "hybrid_christofides_time": 0.00048613548278808594,
  "hybrid_2opt_time": 9.942054748535156e-05,
  "hybrid_iterations": 4,
  "hybrid_status": "success",
  "reference_value": 319.35858315952237,
  "reference_type": "exact",
  "christofides_ratio": 1.0525538929905796,
  "two_opt_ratio": 1.0,
  "hybrid_ratio": 1.0
}