{
  "instance_file": "tsp_n20_s103.json",
  "n": 20,
  "algorithms": {},
  "exact_cost": null,
  "exact_time": null,
  "exact_status": "skipped",
  "lp_value": 319.0103207816951,
  "lp_time": 0.0053942203521728516,
  "lp_status": "Optimal",
  "christofides_cost": 373.02061216937875,
  "christofides_time": 0.0012516975402832031,
  "christofides_status": "success",
  "two_opt_cost": 330.392859426339,
  "two_opt_time": 0.0003676414489746094,
  "two_opt_iterations": 5,
  "two_opt_status": "success",
  "hybrid_cost": 330.39285942633904,
  "hybrid_total_time": 0.00141143798828125,
  "hybrid_christofides_time": 0.001047372817993164,
  "hybrid_2opt_time": 0.00036406517028808594,
  "hybrid_iterations": 5,
  "hybrid_status": "success",
  "reference_value": 319.0103207816951,
  "reference_type": "lp",
  "christofides_ratio": 1.1693057806259626,
  "two_opt_ratio": 1.0356807849249279,
  "hybrid_ratio": 1.0356807849249279
}