{
  "instance_file": "tsp_n10_s100.json",
  "n": 10,
  "algorithms": {},
  "exact_cost": 299.9832486653448,
  "exact_time": 0.0031385421752929688,
  "exact_status": "optimal",
  "lp_value": 299.9832486653448,
  "lp_time": 0.007700681686401367,
  "lp_status": "Optimal",
  "christofides_cost": 329.4064452701658,
  "christofides_time": 0.0016241073608398438,
  "christofides_status": "success",
  "two_opt_cost": 299.9832486653448,
  "two_opt_time": 9.489059448242188e-05,
  "two_opt_iterations": 4,
  "two_opt_status": "success",
  "hybrid_cost": 299.9832486653448,
  "hybrid_total_time": 0.0005524158477783203,
  "hybrid_christofides_time": 0.0004944801330566406,
  "hybrid_2opt_time": 5.793571472167969e-05,
  "hybrid_iterations": 3,
  "hybrid_status": "success",
  "reference_value": 299.9832486653448,
  "reference_type": "exact",
  "christofides_ratio": 1.0980827987420223,
  "two_opt_ratio": 1.0,
  "hybrid_ratio": 1.0
}