{
  "instance_file": "tsp_n15_s104.json",
  "n": 15,
  "algorithms": {},
  "exact_cost": null,
  "exact_time": null,
  "exact_status": "skipped",
  "lp_value": 320.33899190241664,
  "lp_time": 0.0068912506103515625,
  "lp_status": "Optimal",
  "christofides_cost": 332.98515311249474,
  "christofides_time": 0.0006413459777832031,
  "christofides_status": "success",
  "two_opt_cost": 320.3389919024167,
  "two_opt_time": 0.00022077560424804688,
  "two_opt_iterations": 5,
  "two_opt_status": "success",
  "hybrid_cost": 320.3389919024167,
  "hybrid_total_time": 0.0006384849548339844,
  "hybrid_christofides_time": 0.0005159378051757812,
  "hybrid_2opt_time": 0.00012254714965820312,
  "hybrid_iterations": 3,
  "hybrid_status": "success",
  "reference_value": 320.33899190241664,
  "reference_type": "lp",
  "christofides_ratio": 1.0394774333744874,
  "two_opt_ratio": 1.0000000000000002,
  "hybrid_ratio": 1.0000000000000002
}