{
  "instance_file": "tsp_n15_s101.json",
  "n": 15,
  "algorithms": {},
  "exact_cost": null,
  "exact_time": null,
  "exact_status": "skipped",
  "lp_value": 343.4927740283399,
  "lp_time": 0.02038097381591797,
  "lp_status": "Optimal",
  "christofides_cost": 392.9061636290889,
  "christofides_time": 0.010889530181884766,
  "christofides_status": "success",
  "two_opt_cost": 343.49277402833985,
  "two_opt_time": 0.0007121562957763672,
  "two_opt_iterations": 4,
  "two_opt_status": "success",
  "hybrid_cost": 354.14314881455454,
  "hybrid_total_time": 0.0047607421875,
  "hybrid_christofides_time": 0.004143476486206055,
  "hybrid_2opt_time": 0.0006172657012939453,
  "hybrid_iterations": 3,
  "hybrid_status": "success",
  "reference_value": 343.4927740283399,
  "reference_type": "lp",
  "christofides_ratio": 1.1438556887856748,
  "two_opt_ratio": 0.9999999999999999,
  "hybrid_ratio": 1.0310061101469805
}