{
  "instance_file": "tsp_n8_s103.json",
  "n": 8,
  "algorithms": {},
  "exact_cost": 265.24947230136837,
  "exact_time": 0.0024802684783935547,
  "exact_status": "optimal",
  "lp_value": 265.2494723013684,
  "lp_time": 0.02328777313232422,
  "lp_status": "Optimal",
  "christofides_cost": 265.24947230136837,
  "christofides_time": 0.0028548240661621094,
  "christofides_status": "success",
  "two_opt_cost": 265.24947230136837,
  "two_opt_time": 0.0002129077911376953,
  "two_opt_iterations": 2,
  "two_opt_status": "success",
  "hybrid_cost": 265.24947230136837,
  "hybrid_total_time": 0.002783060073852539,
  "hybrid_christofides_time": 0.002679586410522461,
  "hybrid_2opt_time": 0.00010347366333007812,
  "hybrid_iterations": 1,
  "hybrid_status": "success",
  "reference_value": 265.24947230136837,
  "reference_type": "exact",
  "christofides_ratio": 1.0,
  "two_opt_ratio": 1.0,
  "hybrid_ratio": 1.0
}