{
  "instance_file": "tsp_n18_s102.json",
  "n": 18,
  "algorithms": {},
  "exact_cost": null,
  "exact_time": null,
  "exact_status": "skipped",
  "lp_value": 286.4060363875852,
  "lp_time": 0.004645109176635742,
  "lp_status": "Optimal",
  "christofides_cost": 327.00289369412826,
  "christofides_time": 0.0008370876312255859,
  "christofides_status": "success",
  "two_opt_cost": 302.2893233752854,
  "two_opt_time": 0.0002067089080810547,
  "two_opt_iterations": 3,
  "two_opt_status": "success",
  "hybrid_cost": 302.28932337528533,
  "hybrid_total_time": 0.0008950233459472656,
  "hybrid_christofides_time": 0.0007183551788330078,
  "hybrid_2opt_time": 0.0001766681671142578,
  "hybrid_iterations": 3,
  "hybrid_status": "success",
  "reference_value": 286.4060363875852,
  "reference_type": "lp",
  "christofides_ratio": 1.1417458159003482,
  "two_opt_ratio": 1.0554572354271397,
  "hybrid_ratio": 1.0554572354271394
}